-- phpMyAdmin SQL Dump
-- version 4.5.1
-- http://www.phpmyadmin.net
--
-- Host: 127.0.0.1
-- Gegenereerd op: 10 jan 2017 om 15:48
-- Serverversie: 10.1.19-MariaDB
-- PHP-versie: 5.5.38

SET SQL_MODE = "NO_AUTO_VALUE_ON_ZERO";
SET time_zone = "+00:00";


/*!40101 SET @OLD_CHARACTER_SET_CLIENT=@@CHARACTER_SET_CLIENT */;
/*!40101 SET @OLD_CHARACTER_SET_RESULTS=@@CHARACTER_SET_RESULTS */;
/*!40101 SET @OLD_COLLATION_CONNECTION=@@COLLATION_CONNECTION */;
/*!40101 SET NAMES utf8mb4 */;

--
-- Database: `yournews`
--

-- --------------------------------------------------------

--
-- Tabelstructuur voor tabel `articles`
--

CREATE TABLE `articles` (
  `id` int(11) NOT NULL,
  `input_site` int(11) NOT NULL,
  `url` varchar(255) NOT NULL,
  `timestamp` timestamp NOT NULL DEFAULT CURRENT_TIMESTAMP COMMENT 'Timestamp on which is was discovered by our crawler, not when it was published',
  `raw_content` text NOT NULL
) ENGINE=InnoDB DEFAULT CHARSET=latin1;

-- --------------------------------------------------------

--
-- Tabelstructuur voor tabel `crawler_log`
--

CREATE TABLE `crawler_log` (
  `id` int(11) NOT NULL,
  `start` timestamp NULL DEFAULT NULL,
  `end` timestamp NOT NULL DEFAULT CURRENT_TIMESTAMP,
  `output` text NOT NULL
) ENGINE=InnoDB DEFAULT CHARSET=latin1;

-- --------------------------------------------------------

--
-- Tabelstructuur voor tabel `forbidden_links`
--

CREATE TABLE `forbidden_links` (
  `id` int(11) NOT NULL,
  `input_site` int(11) NOT NULL,
  `text` varchar(255) NOT NULL COMMENT 'If a link or title contains this text, it is skipped during the crawling'
) ENGINE=InnoDB DEFAULT CHARSET=latin1;

--
-- Gegevens worden geëxporteerd voor tabel `forbidden_links`
--

INSERT INTO `forbidden_links` (`id`, `input_site`, `text`) VALUES
(1, 1, '/news/us-news'),
(2, 1, '/news/weather'),
(3, 1, '/news/world'),
(4, 1, '/meet-the-press'),
(5, 2, '/media/latest/videos/home/'),
(6, 2, '/money/'),
(7, 2, '/sports/'),
(8, 2, 'puzzles.usatoday.com'),
(9, 2, 'games.usatoday.com'),
(10, 2, '/opinion/'),
(11, 2, '/tech/'),
(12, 2, '/travel/'),
(13, 2, 'http://www.reviewed.com/'),
(14, 3, 'facebook.com'),
(15, 3, 'twitter.com'),
(16, 3, '/sponsor'),
(17, 3, '/businessweek'),
(18, 3, '/hpsubtout'),
(19, 6, 'All News'),
(20, 6, '/profiles/'),
(21, 7, '/author/'),
(22, 7, '/artificial-intelligence-2/'),
(23, 7, '#'),
(24, 8, '/archives/'),
(25, 10, '/author/'),
(26, 12, 'nytimes.com'),
(27, 12, 'theverge.com'),
(31, 13, '/theWire'),
(32, 13, '/news/pictures'),
(33, 13, '/commentary'),
(34, 13, '/finance/personal-finance'),
(35, 14, 'nfl/team'),
(36, 14, '/video/'),
(37, 15, 'More News'),
(38, 15, '?pn='),
(39, 15, 'fsgo.com'),
(40, 15, 'foxbusiness.com'),
(41, 16, 'scores.nbcsports.com'),
(42, 16, '/video/'),
(43, 16, '/nascar'),
(44, 16, '/snf-all-access'),
(45, 16, '/player-news'),
(46, 16, 'eonline.com/news/'),
(47, 19, 'toofab.com'),
(48, 19, '/videos/'),
(49, 19, 'wwtdd.com'),
(50, 19, '/terms/'),
(51, 19, '/advertise'),
(52, 19, '/pr'),
(53, 19, 'youtube.com/user/TMZ'),
(54, 19, 'instagram.com/tmz_tv/'),
(55, 19, 'plus.google.com'),
(56, 19, 'itunes.apple.com'),
(57, 19, 'play.google.com'),
(58, 19, 'privacy-center-wb-privacy-policy'),
(59, 19, 'Jobs.aspx'),
(60, 19, '/tmzmobilealerts'),
(61, 19, '/about'),
(62, 19, 'elitedaily.com'),
(63, 9, '/staff/'),
(64, 9, '/magazine/'),
(67, 3, 'bloomberg.com/view'),
(68, 3, 'bloomberg.com/gadfly'),
(74, 7, '/contributor/'),
(75, 15, 'shop.foxsports.com'),
(76, 15, 'foxsports.com/undisputed'),
(77, 19, '/category/'),
(78, 19, '/tips'),
(79, 19, '/terms'),
(80, 19, '/contact/'),
(81, 1, 'advertisement'),
(82, 7, '/social/'),
(83, 12, '/the-weekly/'),
(84, 12, 'facebook.com'),
(85, 12, 'twitter.com'),
(86, 12, 'linkedin.com'),
(87, 12, 'youtube.com'),
(88, 12, 'data./'),
(89, 12, '/trader-poll/'),
(90, 19, '/page/'),
(91, 19, '/photos/');

-- --------------------------------------------------------

--
-- Tabelstructuur voor tabel `input_sites`
--

CREATE TABLE `input_sites` (
  `id` int(11) NOT NULL,
  `category` varchar(255) NOT NULL,
  `name` varchar(255) NOT NULL COMMENT 'Name of the website',
  `domain` varchar(255) NOT NULL COMMENT 'Domain name without http or www before it',
  `area_query` varchar(255) NOT NULL COMMENT 'DOM query for getting the area with the links we''re interested in',
  `article_area_query` varchar(255) NOT NULL COMMENT 'The DOM area query for retrieving the aritcle content'
) ENGINE=InnoDB DEFAULT CHARSET=latin1;

--
-- Gegevens worden geëxporteerd voor tabel `input_sites`
--

INSERT INTO `input_sites` (`id`, `category`, `name`, `domain`, `area_query`, `article_area_query`) VALUES
(1, 'general', 'NBC News', 'nbcnews.com', '//*[contains(@class, ''row js-top-stories-content'')]', '//*[contains(@class, ''article-body'')]'),
(2, 'general', 'USA today', 'usatoday.com', '//*[contains(@id, ''section_home'')]', '//*[contains(@itemprob, ''articleBody'')]'),
(3, 'general', 'Bloomberg', 'bloomberg.com', '//*[contains(@class, ''home__top-of-home'')]', '//*[contains(@class, ''body-copy'')]'),
(4, 'general', 'Fox news', 'foxnews.com', '//*[contains(@id, ''latest'')]', '//*[contains(@class, ''article-text'')]'),
(6, 'tech', 'CNET', 'cnet.com', '//*[contains(@class, ''responsiveLatest'')]', '//*[contains(@class, ''article-main-body'')]'),
(7, 'tech', 'Tech Crunch', 'techcrunch.com', '//*[contains(@id, ''river1'')]', '//*[contains(@class, ''article-entry'')]'),
(8, 'tech', 'Tech News World', 'technewsworld.com', '//*[contains(@id, ''content-main'')]', '//*[contains(@id, ''story-body'')]'),
(9, 'politics', 'Politico', 'politico.com', '//*[contains(@class, ''cluster-groupset layout-grid grid-4'')]', '//*[contains(@class, ''story-text'')]'),
(10, 'politics', 'Huffington Post', 'huffingtonpost.com', '//*[@class=''a-page__content'']', '//*[contains(@class, ''entry__body js-entry-body'')]'),
(11, 'financial', 'Wall Street Journal', 'wsj.com', '//*[contains(@class, ''lead-story'')]', '//*[contains(@class, ''wsj-snippet-body'')]'),
(12, 'financial', 'CNBC', 'cnbc.com', '//*[contains(@class, ''cnbc-body'')] ', '//*[contains(@class, ''group-container last'')]'),
(13, 'financial', 'Reuters', 'reuters.com', '//*[contains(@id, ''rcs-mainContentTop'')]', '//*[contains(@id, ''article-text'')]'),
(14, 'sports', 'ESPN', 'espn.com', '//*[contains(@class, ''container-wrapper'')]', '//*[contains(@class, ''article-body'')]'),
(15, 'sports', 'Fox Sports', 'foxsports.com', '//*[contains(@class,''body-content'')]', '//*[contains(@itemprob, ''articleBody'')]'),
(16, 'sports', 'NBC Sports', 'nbcsports.com', '//*[contains(@class,''main-layout'')]', '//*[contains(@class, ''post-body'')]'),
(17, 'entertainment', 'E!', 'eonline.com', '//*[contains(@class,''js-categorygrid--'')]', '//*[contains(@id, ''article-detail'')]'),
(18, 'entertainment', 'US magazine', 'usmagazine.com', '//*[contains(@class,''home-layout'')]', '//*[contains(@class, ''article-body-inner'')]'),
(19, 'entertainment', 'TMZ', 'tmz.com', '//*[contains(@id,''main-content'')]', '//*[contains(@class, ''article-content'')]');

-- --------------------------------------------------------

--
-- Tabelstructuur voor tabel `stop_words`
--

CREATE TABLE `stop_words` (
  `id` int(11) NOT NULL,
  `varchar` varchar(255) NOT NULL
) ENGINE=InnoDB DEFAULT CHARSET=latin1;

--
-- Gegevens worden geëxporteerd voor tabel `stop_words`
--

INSERT INTO `stop_words` (`id`, `varchar`) VALUES
(1, '''tis'),
(2, '''twas'),
(3, 'a'),
(4, 'aah'),
(5, 'aaron'),
(6, 'abandon'),
(7, 'abandoned'),
(8, 'abbott'),
(9, 'abby'),
(10, 'abe'),
(11, 'abigail'),
(12, 'ability'),
(13, 'able'),
(14, 'aboard'),
(15, 'about'),
(16, 'above'),
(17, 'absolute'),
(18, 'absolutely'),
(19, 'absurd'),
(20, 'abuse'),
(21, 'accept'),
(22, 'accepted'),
(23, 'access'),
(24, 'accident'),
(25, 'accidentally'),
(26, 'accomplish'),
(27, 'accomplished'),
(28, 'according'),
(29, 'account'),
(30, 'accounts'),
(31, 'accuse'),
(32, 'accused'),
(33, 'accusing'),
(34, 'ace'),
(35, 'acid'),
(36, 'across'),
(37, 'act'),
(38, 'acted'),
(39, 'acting'),
(40, 'action'),
(41, 'actions'),
(42, 'activity'),
(43, 'actor'),
(44, 'actress'),
(45, 'acts'),
(46, 'actual'),
(47, 'actually'),
(48, 'ad'),
(49, 'adam'),
(50, 'add'),
(51, 'added'),
(52, 'addition'),
(53, 'address'),
(54, 'adjustment'),
(55, 'admire'),
(56, 'admit'),
(57, 'admitted'),
(58, 'adopted'),
(59, 'adoption'),
(60, 'adorable'),
(61, 'adult'),
(62, 'adults'),
(63, 'advance'),
(64, 'advantage'),
(65, 'adventure'),
(66, 'advertisement'),
(67, 'advice'),
(68, 'advise'),
(69, 'affair'),
(70, 'affairs'),
(71, 'affect'),
(72, 'affected'),
(73, 'afford'),
(74, 'afraid'),
(75, 'africa'),
(76, 'after'),
(77, 'afternoon'),
(78, 'afterwards'),
(79, 'again'),
(80, 'against'),
(81, 'age'),
(82, 'agency'),
(83, 'agenda'),
(84, 'agent'),
(85, 'agents'),
(86, 'ages'),
(87, 'ago'),
(88, 'agree'),
(89, 'agreed'),
(90, 'agreement'),
(91, 'ah'),
(92, 'aha'),
(93, 'ahead'),
(94, 'ahem'),
(95, 'ahh'),
(96, 'ahhh'),
(97, 'aid'),
(98, 'aidan'),
(99, 'aids'),
(100, 'ain''t'),
(101, 'air'),
(102, 'airport'),
(103, 'aisle'),
(104, 'aitoro'),
(105, 'al'),
(106, 'al''s'),
(107, 'alan'),
(108, 'alarm'),
(109, 'albert'),
(110, 'alcazar'),
(111, 'alcazar''s'),
(112, 'alcohol'),
(113, 'alert'),
(114, 'alex'),
(115, 'alexandra'),
(116, 'Alexis'),
(117, 'ali'),
(118, 'alice'),
(119, 'alien'),
(120, 'aliens'),
(121, 'alike'),
(122, 'Alison'),
(123, 'alistair'),
(124, 'alive'),
(125, 'all'),
(126, 'allergic'),
(127, 'alley'),
(128, 'allison'),
(129, 'allow'),
(130, 'allowed'),
(131, 'ally'),
(132, 'almost'),
(133, 'alone'),
(134, 'along'),
(135, 'alonzo'),
(136, 'already'),
(137, 'alright'),
(138, 'also'),
(139, 'altar'),
(140, 'alternative'),
(141, 'although'),
(142, 'always'),
(143, 'am'),
(144, 'amanda'),
(145, 'amazing'),
(146, 'amber'),
(147, 'ambulance'),
(148, 'amen'),
(149, 'america'),
(150, 'american'),
(151, 'americans'),
(152, 'among'),
(153, 'amount'),
(154, 'amp'),
(155, 'amusement'),
(156, 'amusing'),
(157, 'amy'),
(158, 'an'),
(159, 'ancient'),
(160, 'and'),
(161, 'andie'),
(162, 'andrew'),
(163, 'andy'),
(164, 'angel'),
(165, 'angela'),
(166, 'angeles'),
(167, 'angels'),
(168, 'anger'),
(169, 'angle'),
(170, 'angry'),
(171, 'animal'),
(172, 'animals'),
(173, 'anna'),
(174, 'anne'),
(175, 'annie'),
(176, 'anniversary'),
(177, 'announce'),
(178, 'announcement'),
(179, 'annoying'),
(180, 'annulment'),
(181, 'anonymous'),
(182, 'another'),
(183, 'answer'),
(184, 'answered'),
(185, 'answering'),
(186, 'answers'),
(187, 'ant'),
(188, 'anthony'),
(189, 'anti'),
(190, 'antonio'),
(191, 'antonio''s'),
(192, 'anxious'),
(193, 'any'),
(194, 'anya'),
(195, 'anybody'),
(196, 'anybody''s'),
(197, 'anyhow'),
(198, 'anymore'),
(199, 'anyone'),
(200, 'anyone''s'),
(201, 'anything'),
(202, 'anytime'),
(203, 'anyway'),
(204, 'anyways'),
(205, 'anywhere'),
(206, 'apart'),
(207, 'apartment'),
(208, 'apologize'),
(209, 'apology'),
(210, 'apparatus'),
(211, 'apparently'),
(212, 'appeal'),
(213, 'appear'),
(214, 'appearance'),
(215, 'appears'),
(216, 'appetite'),
(217, 'apple'),
(218, 'application'),
(219, 'apply'),
(220, 'appointment'),
(221, 'appreciate'),
(222, 'approach'),
(223, 'appropriate'),
(224, 'approval'),
(225, 'approve'),
(226, 'arch'),
(227, 'are'),
(228, 'area'),
(229, 'aren''t'),
(230, 'argue'),
(231, 'arguing'),
(232, 'argument'),
(233, 'arm'),
(234, 'armed'),
(235, 'arms'),
(236, 'army'),
(237, 'arnold'),
(238, 'around'),
(239, 'arrange'),
(240, 'arranged'),
(241, 'arrangement'),
(242, 'arrangements'),
(243, 'arrest'),
(244, 'arrested'),
(245, 'arrive'),
(246, 'arrived'),
(247, 'art'),
(248, 'arthur'),
(249, 'article'),
(250, 'artist'),
(251, 'as'),
(252, 'asa'),
(253, 'ash'),
(254, 'ashamed'),
(255, 'ashes'),
(256, 'ashley'),
(257, 'aside'),
(258, 'ask'),
(259, 'asked'),
(260, 'asking'),
(261, 'asks'),
(262, 'asleep'),
(263, 'ass'),
(264, 'assault'),
(265, 'asshole'),
(266, 'assignment'),
(267, 'assistant'),
(268, 'associate'),
(269, 'assume'),
(270, 'assumed'),
(271, 'assuming'),
(272, 'assure'),
(273, 'at'),
(274, 'ate'),
(275, 'atlantic'),
(276, 'attached'),
(277, 'attack'),
(278, 'attacked'),
(279, 'attempt'),
(280, 'attempted'),
(281, 'attend'),
(282, 'attention'),
(283, 'attic'),
(284, 'attitude'),
(285, 'attorney'),
(286, 'attracted'),
(287, 'attraction'),
(288, 'attractive'),
(289, 'auction'),
(290, 'audience'),
(291, 'audition'),
(292, 'audrey'),
(293, 'aunt'),
(294, 'austin'),
(295, 'authorities'),
(296, 'authority'),
(297, 'automatic'),
(298, 'available'),
(299, 'avatar'),
(300, 'average'),
(301, 'avoid'),
(302, 'avoiding'),
(303, 'aw'),
(304, 'awake'),
(305, 'award'),
(306, 'aware'),
(307, 'away'),
(308, 'awesome'),
(309, 'awful'),
(310, 'awfully'),
(311, 'awhile'),
(312, 'awkward'),
(313, 'aww'),
(314, 'aye'),
(315, 'b'),
(316, 'ba'),
(317, 'babe'),
(318, 'babies'),
(319, 'baby'),
(320, 'baby''s'),
(321, 'bachelor'),
(322, 'back'),
(323, 'backed'),
(324, 'background'),
(325, 'backup'),
(326, 'backwards'),
(327, 'bacon'),
(328, 'bad'),
(329, 'badge'),
(330, 'badly'),
(331, 'bag'),
(332, 'bags'),
(333, 'bail'),
(334, 'bait'),
(335, 'baker'),
(336, 'balance'),
(337, 'balcony'),
(338, 'bald'),
(339, 'baldwin'),
(340, 'ball'),
(341, 'balls'),
(342, 'band'),
(343, 'bang'),
(344, 'bank'),
(345, 'banks'),
(346, 'bar'),
(347, 'barb'),
(348, 'barbara'),
(349, 'bare'),
(350, 'barely'),
(351, 'bargain'),
(352, 'barn'),
(353, 'barry'),
(354, 'bars'),
(355, 'bart'),
(356, 'bartender'),
(357, 'base'),
(358, 'baseball'),
(359, 'based'),
(360, 'basement'),
(361, 'basic'),
(362, 'basically'),
(363, 'basin'),
(364, 'basis'),
(365, 'basket'),
(366, 'basketball'),
(367, 'bastard'),
(368, 'bastards'),
(369, 'bat'),
(370, 'bath'),
(371, 'bathroom'),
(372, 'battery'),
(373, 'battle'),
(374, 'bauer'),
(375, 'bay'),
(376, 'be'),
(377, 'beach'),
(378, 'beacon'),
(379, 'beans'),
(380, 'bear'),
(381, 'beast'),
(382, 'beat'),
(383, 'beaten'),
(384, 'beating'),
(385, 'beats'),
(386, 'beautiful'),
(387, 'beauty'),
(388, 'became'),
(389, 'because'),
(390, 'become'),
(391, 'becomes'),
(392, 'becoming'),
(393, 'bed'),
(394, 'bedroom'),
(395, 'bee'),
(396, 'beef'),
(397, 'been'),
(398, 'beer'),
(399, 'before'),
(400, 'beg'),
(401, 'began'),
(402, 'begged'),
(403, 'begging'),
(404, 'begin'),
(405, 'beginning'),
(406, 'begins'),
(407, 'begun'),
(408, 'behalf'),
(409, 'behave'),
(410, 'behavior'),
(411, 'behaviour'),
(412, 'behind'),
(413, 'being'),
(414, 'belief'),
(415, 'believe'),
(416, 'believed'),
(417, 'believes'),
(418, 'believing'),
(419, 'bell'),
(420, 'belle'),
(421, 'belly'),
(422, 'belong'),
(423, 'belonged'),
(424, 'belongs'),
(425, 'beloved'),
(426, 'below'),
(427, 'belt'),
(428, 'ben'),
(429, 'bench'),
(430, 'bend'),
(431, 'beneath'),
(432, 'benefit'),
(433, 'benjamin'),
(434, 'bennett'),
(435, 'benny'),
(436, 'bent'),
(437, 'berg'),
(438, 'bermuda'),
(439, 'berry'),
(440, 'beside'),
(441, 'besides'),
(442, 'best'),
(443, 'bet'),
(444, 'beth'),
(445, 'betray'),
(446, 'betrayed'),
(447, 'better'),
(448, 'betty'),
(449, 'between'),
(450, 'beyond'),
(451, 'bianca'),
(452, 'bible'),
(453, 'big'),
(454, 'bigger'),
(455, 'biggest'),
(456, 'bike'),
(457, 'bill'),
(458, 'billie'),
(459, 'billion'),
(460, 'bills'),
(461, 'billy'),
(462, 'biological'),
(463, 'bird'),
(464, 'birds'),
(465, 'birth'),
(466, 'birthday'),
(467, 'bit'),
(468, 'bitch'),
(469, 'bite'),
(470, 'bitter'),
(471, 'bizarre'),
(472, 'black'),
(473, 'blackmail'),
(474, 'blade'),
(475, 'blah'),
(476, 'blair'),
(477, 'blake'),
(478, 'blame'),
(479, 'blaming'),
(480, 'blank'),
(481, 'blanket'),
(482, 'blast'),
(483, 'bleeding'),
(484, 'bless'),
(485, 'blessed'),
(486, 'blessing'),
(487, 'blew'),
(488, 'blind'),
(489, 'block'),
(490, 'blocks'),
(491, 'blonde'),
(492, 'blood'),
(493, 'bloody'),
(494, 'blow'),
(495, 'blowing'),
(496, 'blown'),
(497, 'blows'),
(498, 'blue'),
(499, 'bo'),
(500, 'board'),
(501, 'boarding'),
(502, 'boat'),
(503, 'bob'),
(504, 'bobbie'),
(505, 'bobby'),
(506, 'bodies'),
(507, 'body'),
(508, 'boiling'),
(509, 'bomb'),
(510, 'bond'),
(511, 'bone'),
(512, 'bones'),
(513, 'bonnie'),
(514, 'boo'),
(515, 'book'),
(516, 'booked'),
(517, 'books'),
(518, 'boom'),
(519, 'boot'),
(520, 'booth'),
(521, 'boots'),
(522, 'booze'),
(523, 'border'),
(524, 'bored'),
(525, 'boring'),
(526, 'born'),
(527, 'borrow'),
(528, 'borrowed'),
(529, 'boss'),
(530, 'boston'),
(531, 'both'),
(532, 'bother'),
(533, 'bothered'),
(534, 'bothering'),
(535, 'bothers'),
(536, 'bottle'),
(537, 'bottles'),
(538, 'bottom'),
(539, 'bought'),
(540, 'bound'),
(541, 'bout'),
(542, 'bow'),
(543, 'bowl'),
(544, 'bowling'),
(545, 'box'),
(546, 'boxes'),
(547, 'boy'),
(548, 'boy''s'),
(549, 'boyfriend'),
(550, 'boys'),
(551, 'bra'),
(552, 'bracelet'),
(553, 'brad'),
(554, 'brady'),
(555, 'brain'),
(556, 'brains'),
(557, 'brake'),
(558, 'branch'),
(559, 'brand'),
(560, 'brandon'),
(561, 'brandy'),
(562, 'brass'),
(563, 'brat'),
(564, 'brave'),
(565, 'bravo'),
(566, 'bread'),
(567, 'break'),
(568, 'breakdown'),
(569, 'breakfast'),
(570, 'breaking'),
(571, 'breaks'),
(572, 'breast'),
(573, 'breasts'),
(574, 'breath'),
(575, 'breathe'),
(576, 'breathing'),
(577, 'brenda'),
(578, 'brenda''s'),
(579, 'brian'),
(580, 'brick'),
(581, 'bride'),
(582, 'bridge'),
(583, 'bridget'),
(584, 'brief'),
(585, 'briefcase'),
(586, 'bright'),
(587, 'brilliant'),
(588, 'bring'),
(589, 'bringing'),
(590, 'brings'),
(591, 'british'),
(592, 'brittany'),
(593, 'bro'),
(594, 'broad'),
(595, 'broke'),
(596, 'broken'),
(597, 'Brooke'),
(598, 'brother'),
(599, 'brother''s'),
(600, 'brothers'),
(601, 'brought'),
(602, 'brown'),
(603, 'bruce'),
(604, 'brush'),
(605, 'bryant'),
(606, 'bubble'),
(607, 'buchanan'),
(608, 'buck'),
(609, 'bucket'),
(610, 'bucks'),
(611, 'bud'),
(612, 'buddies'),
(613, 'buddy'),
(614, 'budget'),
(615, 'buffy'),
(616, 'bug'),
(617, 'bugs'),
(618, 'build'),
(619, 'building'),
(620, 'built'),
(621, 'bulb'),
(622, 'bull'),
(623, 'bulldog'),
(624, 'bullet'),
(625, 'bullets'),
(626, 'bullshit'),
(627, 'bum'),
(628, 'bump'),
(629, 'bunch'),
(630, 'bundy'),
(631, 'bunny'),
(632, 'burden'),
(633, 'bureau'),
(634, 'burger'),
(635, 'buried'),
(636, 'burn'),
(637, 'burned'),
(638, 'burning'),
(639, 'burns'),
(640, 'burst'),
(641, 'bury'),
(642, 'bus'),
(643, 'business'),
(644, 'bust'),
(645, 'busted'),
(646, 'buster'),
(647, 'busy'),
(648, 'but'),
(649, 'butt'),
(650, 'butter'),
(651, 'butters'),
(652, 'button'),
(653, 'buttons'),
(654, 'buy'),
(655, 'buying'),
(656, 'buzz'),
(657, 'by'),
(658, 'bye'),
(659, 'c'),
(660, 'c''mon'),
(661, 'cab'),
(662, 'cabin'),
(663, 'cabinet'),
(664, 'cable'),
(665, 'cafe'),
(666, 'cafeteria'),
(667, 'cage'),
(668, 'cake'),
(669, 'caleb'),
(670, 'california'),
(671, 'call'),
(672, 'called'),
(673, 'calling'),
(674, 'calls'),
(675, 'calm'),
(676, 'came'),
(677, 'camera'),
(678, 'cameras'),
(679, 'cameron'),
(680, 'camp'),
(681, 'campaign'),
(682, 'campus'),
(683, 'can'),
(684, 'can''t'),
(685, 'canada'),
(686, 'canadian'),
(687, 'cancel'),
(688, 'canceled'),
(689, 'cancer'),
(690, 'candle'),
(691, 'candles'),
(692, 'candy'),
(693, 'cannot'),
(694, 'canvas'),
(695, 'cap'),
(696, 'capable'),
(697, 'capeside'),
(698, 'capital'),
(699, 'captain'),
(700, 'car'),
(701, 'card'),
(702, 'cards'),
(703, 'care'),
(704, 'cared'),
(705, 'career'),
(706, 'careful'),
(707, 'carefully'),
(708, 'cares'),
(709, 'caring'),
(710, 'carl'),
(711, 'carla'),
(712, 'Carly'),
(713, 'carly''s'),
(714, 'carmen'),
(715, 'carol'),
(716, 'caroline'),
(717, 'carpet'),
(718, 'carriage'),
(719, 'carried'),
(720, 'carry'),
(721, 'carrying'),
(722, 'cars'),
(723, 'cart'),
(724, 'carter'),
(725, 'cartman'),
(726, 'carver'),
(727, 'cascade'),
(728, 'case'),
(729, 'cases'),
(730, 'casey'),
(731, 'cash'),
(732, 'casino'),
(733, 'cassadine'),
(734, 'cassie'),
(735, 'cast'),
(736, 'castle'),
(737, 'casual'),
(738, 'cat'),
(739, 'catalina'),
(740, 'catch'),
(741, 'catching'),
(742, 'catherine'),
(743, 'cats'),
(744, 'caught'),
(745, 'cause'),
(746, 'caused'),
(747, 'causes'),
(748, 'causing'),
(749, 'cave'),
(750, 'cd'),
(751, 'celebrate'),
(752, 'celebrating'),
(753, 'celebration'),
(754, 'cell'),
(755, 'cells'),
(756, 'center'),
(757, 'central'),
(758, 'cents'),
(759, 'century'),
(760, 'ceremony'),
(761, 'certain'),
(762, 'certainly'),
(763, 'chad'),
(764, 'chain'),
(765, 'chair'),
(766, 'chairs'),
(767, 'chalk'),
(768, 'challenge'),
(769, 'chamber'),
(770, 'champagne'),
(771, 'champion'),
(772, 'chance'),
(773, 'chances'),
(774, 'chandler'),
(775, 'change'),
(776, 'changed'),
(777, 'changes'),
(778, 'changing'),
(779, 'channel'),
(780, 'chaos'),
(781, 'chapel'),
(782, 'chapter'),
(783, 'character'),
(784, 'charge'),
(785, 'charged'),
(786, 'charges'),
(787, 'charity'),
(788, 'charity''s'),
(789, 'charles'),
(790, 'charlie'),
(791, 'charm'),
(792, 'charmed'),
(793, 'charming'),
(794, 'chase'),
(795, 'chasing'),
(796, 'chat'),
(797, 'cheap'),
(798, 'cheat'),
(799, 'cheated'),
(800, 'cheating'),
(801, 'check'),
(802, 'checked'),
(803, 'checking'),
(804, 'checks'),
(805, 'cheer'),
(806, 'cheers'),
(807, 'cheese'),
(808, 'chef'),
(809, 'chemical'),
(810, 'chemistry'),
(811, 'chest'),
(812, 'chicago'),
(813, 'chick'),
(814, 'chicken'),
(815, 'chicks'),
(816, 'chief'),
(817, 'child'),
(818, 'child''s'),
(819, 'childhood'),
(820, 'children'),
(821, 'children''s'),
(822, 'chili'),
(823, 'chill'),
(824, 'chin'),
(825, 'china'),
(826, 'chinese'),
(827, 'chip'),
(828, 'chips'),
(829, 'chloe'),
(830, 'chocolate'),
(831, 'choice'),
(832, 'choices'),
(833, 'choose'),
(834, 'chop'),
(835, 'chose'),
(836, 'chosen'),
(837, 'Chris'),
(838, 'christ'),
(839, 'christina'),
(840, 'christine'),
(841, 'Christmas'),
(842, 'christopher'),
(843, 'chuck'),
(844, 'church'),
(845, 'cia'),
(846, 'cigarette'),
(847, 'cigarettes'),
(848, 'circle'),
(849, 'circumstances'),
(850, 'circus'),
(851, 'citizen'),
(852, 'city'),
(853, 'civil'),
(854, 'claim'),
(855, 'claims'),
(856, 'claire'),
(857, 'clark'),
(858, 'class'),
(859, 'classes'),
(860, 'classic'),
(861, 'claus'),
(862, 'clay'),
(863, 'clean'),
(864, 'cleaned'),
(865, 'cleaning'),
(866, 'clear'),
(867, 'cleared'),
(868, 'clearly'),
(869, 'clever'),
(870, 'click'),
(871, 'client'),
(872, 'clients'),
(873, 'cliff'),
(874, 'climb'),
(875, 'clinic'),
(876, 'clock'),
(877, 'close'),
(878, 'closed'),
(879, 'closer'),
(880, 'closest'),
(881, 'closet'),
(882, 'closing'),
(883, 'cloth'),
(884, 'clothes'),
(885, 'clothing'),
(886, 'cloud'),
(887, 'clown'),
(888, 'club'),
(889, 'clubs'),
(890, 'clue'),
(891, 'co'),
(892, 'coach'),
(893, 'coal'),
(894, 'coast'),
(895, 'coat'),
(896, 'cocktail'),
(897, 'code'),
(898, 'coffee'),
(899, 'coffin'),
(900, 'coincidence'),
(901, 'coke'),
(902, 'colby'),
(903, 'cold'),
(904, 'cole'),
(905, 'coleman'),
(906, 'colin'),
(907, 'collar'),
(908, 'collect'),
(909, 'collection'),
(910, 'colleen'),
(911, 'college'),
(912, 'collins'),
(913, 'colonel'),
(914, 'color'),
(915, 'colors'),
(916, 'colour'),
(917, 'com'),
(918, 'coma'),
(919, 'comb'),
(920, 'combination'),
(921, 'come'),
(922, 'comes'),
(923, 'comfort'),
(924, 'comfortable'),
(925, 'comin'),
(926, 'coming'),
(927, 'command'),
(928, 'commander'),
(929, 'comment'),
(930, 'commercial'),
(931, 'commission'),
(932, 'commissioner'),
(933, 'commit'),
(934, 'commitment'),
(935, 'committed'),
(936, 'committee'),
(937, 'common'),
(938, 'community'),
(939, 'companies'),
(940, 'company'),
(941, 'compare'),
(942, 'compared'),
(943, 'comparison'),
(944, 'compassion'),
(945, 'competition'),
(946, 'complain'),
(947, 'complaining'),
(948, 'complete'),
(949, 'completely'),
(950, 'complex'),
(951, 'complicated'),
(952, 'compliment'),
(953, 'compromise'),
(954, 'computer'),
(955, 'computers'),
(956, 'con'),
(957, 'concentrate'),
(958, 'concept'),
(959, 'concern'),
(960, 'concerned'),
(961, 'concerns'),
(962, 'concert'),
(963, 'conclusion'),
(964, 'conclusions'),
(965, 'condition'),
(966, 'conditions'),
(967, 'conference'),
(968, 'confess'),
(969, 'confessed'),
(970, 'confession'),
(971, 'confidence'),
(972, 'confident'),
(973, 'confirm'),
(974, 'confirmed'),
(975, 'conflict'),
(976, 'confused'),
(977, 'confusing'),
(978, 'congratulations'),
(979, 'congress'),
(980, 'connect'),
(981, 'connected'),
(982, 'connection'),
(983, 'conscience'),
(984, 'conscious'),
(985, 'consequences'),
(986, 'consider'),
(987, 'considered'),
(988, 'considering'),
(989, 'conspiracy'),
(990, 'constable'),
(991, 'constant'),
(992, 'constantly'),
(993, 'construction'),
(994, 'contact'),
(995, 'contest'),
(996, 'continue'),
(997, 'contract'),
(998, 'contrary'),
(999, 'control'),
(1000, 'convenient'),
(1001, 'conversation'),
(1002, 'convicted'),
(1003, 'convince'),
(1004, 'convinced'),
(1005, 'convincing'),
(1006, 'cook'),
(1007, 'cooked'),
(1008, 'cookie'),
(1009, 'cookies'),
(1010, 'cooking'),
(1011, 'cool'),
(1012, 'cooper'),
(1013, 'cooperate'),
(1014, 'cop'),
(1015, 'copper'),
(1016, 'cops'),
(1017, 'copy'),
(1018, 'cord'),
(1019, 'cordelia'),
(1020, 'core'),
(1021, 'corinthos'),
(1022, 'cork'),
(1023, 'corky'),
(1024, 'corn'),
(1025, 'corner'),
(1026, 'corporate'),
(1027, 'correct'),
(1028, 'cost'),
(1029, 'costs'),
(1030, 'costume'),
(1031, 'cottage'),
(1032, 'cotton'),
(1033, 'couch'),
(1034, 'cough'),
(1035, 'could'),
(1036, 'could''ve'),
(1037, 'couldn''t'),
(1038, 'council'),
(1039, 'counsel'),
(1040, 'counselor'),
(1041, 'count'),
(1042, 'counter'),
(1043, 'counting'),
(1044, 'country'),
(1045, 'counts'),
(1046, 'county'),
(1047, 'couple'),
(1048, 'couples'),
(1049, 'courage'),
(1050, 'course'),
(1051, 'court'),
(1052, 'courtney'),
(1053, 'courtroom'),
(1054, 'cousin'),
(1055, 'cover'),
(1056, 'covered'),
(1057, 'covering'),
(1058, 'covers'),
(1059, 'cow'),
(1060, 'coward'),
(1061, 'cowboy'),
(1062, 'cozy'),
(1063, 'crack'),
(1064, 'cracked'),
(1065, 'craig'),
(1066, 'crane'),
(1067, 'crap'),
(1068, 'crash'),
(1069, 'crashed'),
(1070, 'crawl'),
(1071, 'crawling'),
(1072, 'crazy'),
(1073, 'cream'),
(1074, 'create'),
(1075, 'created'),
(1076, 'creative'),
(1077, 'creature'),
(1078, 'credit'),
(1079, 'creep'),
(1080, 'creepy'),
(1081, 'crew'),
(1082, 'cried'),
(1083, 'crime'),
(1084, 'crimes'),
(1085, 'criminal'),
(1086, 'criminals'),
(1087, 'cris'),
(1088, 'crisis'),
(1089, 'Cristian'),
(1090, 'critical'),
(1091, 'cross'),
(1092, 'crossed'),
(1093, 'crossing'),
(1094, 'crowd'),
(1095, 'cruel'),
(1096, 'cruise'),
(1097, 'crush'),
(1098, 'cry'),
(1099, 'crying'),
(1100, 'crystal'),
(1101, 'cue'),
(1102, 'culture'),
(1103, 'cup'),
(1104, 'cure'),
(1105, 'curious'),
(1106, 'current'),
(1107, 'curse'),
(1108, 'curtain'),
(1109, 'curve'),
(1110, 'cushion'),
(1111, 'custody'),
(1112, 'customer'),
(1113, 'customers'),
(1114, 'cut'),
(1115, 'cute'),
(1116, 'cuts'),
(1117, 'cutting'),
(1118, 'cuz'),
(1119, 'cynthia'),
(1120, 'd'),
(1121, 'd''you'),
(1122, 'da'),
(1123, 'dad'),
(1124, 'dad''s'),
(1125, 'daddy'),
(1126, 'daddy''s'),
(1127, 'dahlia'),
(1128, 'daily'),
(1129, 'dallas'),
(1130, 'damage'),
(1131, 'damaged'),
(1132, 'dammit'),
(1133, 'damn'),
(1134, 'damned'),
(1135, 'damnit'),
(1136, 'dan'),
(1137, 'dana'),
(1138, 'dance'),
(1139, 'dancer'),
(1140, 'dancing'),
(1141, 'danger'),
(1142, 'dangerous'),
(1143, 'daniel'),
(1144, 'Danny'),
(1145, 'daphne'),
(1146, 'dare'),
(1147, 'daria'),
(1148, 'dark'),
(1149, 'darkness'),
(1150, 'darla'),
(1151, 'darling'),
(1152, 'darn'),
(1153, 'data'),
(1154, 'date'),
(1155, 'dated'),
(1156, 'dates'),
(1157, 'dating'),
(1158, 'daughter'),
(1159, 'daughter''s'),
(1160, 'daughters'),
(1161, 'dave'),
(1162, 'David'),
(1163, 'davidson'),
(1164, 'davis'),
(1165, 'dawn'),
(1166, 'Dawson'),
(1167, 'day'),
(1168, 'days'),
(1169, 'de'),
(1170, 'deacon'),
(1171, 'dead'),
(1172, 'deaf'),
(1173, 'deal'),
(1174, 'dealer'),
(1175, 'dealing'),
(1176, 'deals'),
(1177, 'dealt'),
(1178, 'dean'),
(1179, 'dear'),
(1180, 'death'),
(1181, 'debate'),
(1182, 'debt'),
(1183, 'decent'),
(1184, 'decide'),
(1185, 'decided'),
(1186, 'decides'),
(1187, 'decision'),
(1188, 'decisions'),
(1189, 'deck'),
(1190, 'deep'),
(1191, 'deeper'),
(1192, 'deeply'),
(1193, 'defend'),
(1194, 'defendant'),
(1195, 'defending'),
(1196, 'defense'),
(1197, 'definitely'),
(1198, 'degree'),
(1199, 'degrees'),
(1200, 'del'),
(1201, 'delay'),
(1202, 'delia'),
(1203, 'deliberately'),
(1204, 'delicate'),
(1205, 'delicious'),
(1206, 'deliver'),
(1207, 'delivered'),
(1208, 'delivery'),
(1209, 'demand'),
(1210, 'demon'),
(1211, 'demons'),
(1212, 'denial'),
(1213, 'denied'),
(1214, 'dentist'),
(1215, 'deny'),
(1216, 'department'),
(1217, 'depend'),
(1218, 'dependent'),
(1219, 'depends'),
(1220, 'deposit'),
(1221, 'depressed'),
(1222, 'deputy'),
(1223, 'derek'),
(1224, 'describe'),
(1225, 'description'),
(1226, 'desert'),
(1227, 'deserve'),
(1228, 'deserved'),
(1229, 'deserves'),
(1230, 'design'),
(1231, 'designed'),
(1232, 'designer'),
(1233, 'designs'),
(1234, 'desire'),
(1235, 'desk'),
(1236, 'desperate'),
(1237, 'desperately'),
(1238, 'despite'),
(1239, 'dessert'),
(1240, 'destiny'),
(1241, 'destroy'),
(1242, 'destroyed'),
(1243, 'destroying'),
(1244, 'destruction'),
(1245, 'detail'),
(1246, 'details'),
(1247, 'detective'),
(1248, 'determined'),
(1249, 'devastated'),
(1250, 'developed'),
(1251, 'development'),
(1252, 'device'),
(1253, 'devil'),
(1254, 'devoted'),
(1255, 'dial'),
(1256, 'diamond'),
(1257, 'diamonds'),
(1258, 'diana'),
(1259, 'diane'),
(1260, 'diary'),
(1261, 'dick'),
(1262, 'did'),
(1263, 'didn''t'),
(1264, 'die'),
(1265, 'died'),
(1266, 'diego'),
(1267, 'dies'),
(1268, 'diet'),
(1269, 'difference'),
(1270, 'different'),
(1271, 'differently'),
(1272, 'difficult'),
(1273, 'dig'),
(1274, 'digestion'),
(1275, 'digging'),
(1276, 'dignity'),
(1277, 'dime'),
(1278, 'dimera'),
(1279, 'diner'),
(1280, 'dining'),
(1281, 'dinner'),
(1282, 'direct'),
(1283, 'direction'),
(1284, 'directions'),
(1285, 'directly'),
(1286, 'director'),
(1287, 'dirt'),
(1288, 'dirty'),
(1289, 'disagree'),
(1290, 'disappear'),
(1291, 'disappeared'),
(1292, 'disappoint'),
(1293, 'disappointed'),
(1294, 'disaster'),
(1295, 'discover'),
(1296, 'discovered'),
(1297, 'discovery'),
(1298, 'discuss'),
(1299, 'discussed'),
(1300, 'discussing'),
(1301, 'discussion'),
(1302, 'disease'),
(1303, 'disgust'),
(1304, 'disgusting'),
(1305, 'dish'),
(1306, 'dishes'),
(1307, 'dismissed'),
(1308, 'distance'),
(1309, 'distract'),
(1310, 'distracted'),
(1311, 'distribution'),
(1312, 'district'),
(1313, 'disturb'),
(1314, 'disturbed'),
(1315, 'disturbing'),
(1316, 'ditch'),
(1317, 'dive'),
(1318, 'division'),
(1319, 'divorce'),
(1320, 'divorced'),
(1321, 'dixie'),
(1322, 'dixon'),
(1323, 'dizzy'),
(1324, 'dna'),
(1325, 'do'),
(1326, 'doc'),
(1327, 'doctor'),
(1328, 'doctor''s'),
(1329, 'doctors'),
(1330, 'document'),
(1331, 'does'),
(1332, 'doesn''t'),
(1333, 'dog'),
(1334, 'dogs'),
(1335, 'doin'),
(1336, 'doing'),
(1337, 'doll'),
(1338, 'dollar'),
(1339, 'dollars'),
(1340, 'don'),
(1341, 'don''t'),
(1342, 'done'),
(1343, 'donna'),
(1344, 'donny'),
(1345, 'donor'),
(1346, 'doomed'),
(1347, 'door'),
(1348, 'doors'),
(1349, 'dorm'),
(1350, 'double'),
(1351, 'doubt'),
(1352, 'doubts'),
(1353, 'doug'),
(1354, 'down'),
(1355, 'downstairs'),
(1356, 'downtown'),
(1357, 'doyle'),
(1358, 'dozen'),
(1359, 'dr'),
(1360, 'drag'),
(1361, 'dragged'),
(1362, 'dragging'),
(1363, 'drain'),
(1364, 'drama'),
(1365, 'dramatic'),
(1366, 'drank'),
(1367, 'draw'),
(1368, 'drawer'),
(1369, 'drawing'),
(1370, 'drawn'),
(1371, 'dream'),
(1372, 'dreamed'),
(1373, 'dreaming'),
(1374, 'dreams'),
(1375, 'dress'),
(1376, 'dressed'),
(1377, 'dresses'),
(1378, 'dressing'),
(1379, 'drew'),
(1380, 'drill'),
(1381, 'drink'),
(1382, 'drinking'),
(1383, 'drinks'),
(1384, 'drive'),
(1385, 'driven'),
(1386, 'driver'),
(1387, 'drives'),
(1388, 'driving'),
(1389, 'drop'),
(1390, 'dropped'),
(1391, 'dropping'),
(1392, 'drops'),
(1393, 'drove'),
(1394, 'dru'),
(1395, 'drug'),
(1396, 'drugs'),
(1397, 'drunk'),
(1398, 'dry'),
(1399, 'du'),
(1400, 'duck'),
(1401, 'dude'),
(1402, 'due'),
(1403, 'duh'),
(1404, 'duke'),
(1405, 'dull'),
(1406, 'dumb'),
(1407, 'dump'),
(1408, 'dumped'),
(1409, 'dunno'),
(1410, 'during'),
(1411, 'dust'),
(1412, 'duty'),
(1413, 'dying'),
(1414, 'e'),
(1415, 'each'),
(1416, 'eager'),
(1417, 'ear'),
(1418, 'earl'),
(1419, 'earlier'),
(1420, 'early'),
(1421, 'earn'),
(1422, 'earned'),
(1423, 'ears'),
(1424, 'earth'),
(1425, 'ease'),
(1426, 'easier'),
(1427, 'easily'),
(1428, 'east'),
(1429, 'easy'),
(1430, 'eat'),
(1431, 'eaten'),
(1432, 'eating'),
(1433, 'eats'),
(1434, 'ed'),
(1435, 'eddie'),
(1436, 'eden'),
(1437, 'edge'),
(1438, 'editor'),
(1439, 'edmund'),
(1440, 'education'),
(1441, 'edward'),
(1442, 'effect'),
(1443, 'effective'),
(1444, 'effects'),
(1445, 'effort'),
(1446, 'egg'),
(1447, 'eggs'),
(1448, 'ego'),
(1449, 'eh'),
(1450, 'eight'),
(1451, 'eighteen'),
(1452, 'eighty'),
(1453, 'either'),
(1454, 'el'),
(1455, 'elaine'),
(1456, 'elastic'),
(1457, 'election'),
(1458, 'electric'),
(1459, 'elevator'),
(1460, 'eleven'),
(1461, 'elizabeth'),
(1462, 'ellen'),
(1463, 'elliot'),
(1464, 'ellison'),
(1465, 'else'),
(1466, 'else''s'),
(1467, 'em'),
(1468, 'embarrass'),
(1469, 'embarrassed'),
(1470, 'embarrassing'),
(1471, 'emergency'),
(1472, 'Emily'),
(1473, 'emma'),
(1474, 'emotional'),
(1475, 'emotionally'),
(1476, 'emotions'),
(1477, 'empire'),
(1478, 'employee'),
(1479, 'employees'),
(1480, 'empty'),
(1481, 'enchantment'),
(1482, 'end'),
(1483, 'ended'),
(1484, 'ending'),
(1485, 'ends'),
(1486, 'enemies'),
(1487, 'enemy'),
(1488, 'energy'),
(1489, 'engaged'),
(1490, 'engagement'),
(1491, 'engine'),
(1492, 'england'),
(1493, 'english'),
(1494, 'enjoy'),
(1495, 'enjoyed'),
(1496, 'enjoying'),
(1497, 'enormous'),
(1498, 'enough'),
(1499, 'enter'),
(1500, 'entered'),
(1501, 'entering'),
(1502, 'entertainment'),
(1503, 'entire'),
(1504, 'entirely'),
(1505, 'entitled'),
(1506, 'entrance'),
(1507, 'envelope'),
(1508, 'environment'),
(1509, 'ephram'),
(1510, 'episode'),
(1511, 'equal'),
(1512, 'equipment'),
(1513, 'er'),
(1514, 'eric'),
(1515, 'erica'),
(1516, 'erica''s'),
(1517, 'error'),
(1518, 'escape'),
(1519, 'escaped'),
(1520, 'escort'),
(1521, 'especially'),
(1522, 'estate'),
(1523, 'eternity'),
(1524, 'Ethan'),
(1525, 'ethan''s'),
(1526, 'europe'),
(1527, 'evans'),
(1528, 'eve'),
(1529, 'even'),
(1530, 'evening'),
(1531, 'event'),
(1532, 'events'),
(1533, 'eventually'),
(1534, 'ever'),
(1535, 'every'),
(1536, 'everybody'),
(1537, 'everybody''s'),
(1538, 'everyday'),
(1539, 'everyone'),
(1540, 'everyone''s'),
(1541, 'everything'),
(1542, 'everything''s'),
(1543, 'everywhere'),
(1544, 'evidence'),
(1545, 'evil'),
(1546, 'ew'),
(1547, 'ex'),
(1548, 'exact'),
(1549, 'exactly'),
(1550, 'exam'),
(1551, 'example'),
(1552, 'excellent'),
(1553, 'except'),
(1554, 'exchange'),
(1555, 'excited'),
(1556, 'excitement'),
(1557, 'exciting'),
(1558, 'excuse'),
(1559, 'excuses'),
(1560, 'executive'),
(1561, 'exercise'),
(1562, 'exhausted'),
(1563, 'exist'),
(1564, 'existed'),
(1565, 'existence'),
(1566, 'exists'),
(1567, 'exit'),
(1568, 'expansion'),
(1569, 'expect'),
(1570, 'expected'),
(1571, 'expecting'),
(1572, 'expensive'),
(1573, 'experience'),
(1574, 'experienced'),
(1575, 'experiment'),
(1576, 'expert'),
(1577, 'explain'),
(1578, 'explained'),
(1579, 'explaining'),
(1580, 'explains'),
(1581, 'explanation'),
(1582, 'explode'),
(1583, 'explosion'),
(1584, 'expose'),
(1585, 'exposed'),
(1586, 'express'),
(1587, 'expression'),
(1588, 'extra'),
(1589, 'extraordinary'),
(1590, 'extreme'),
(1591, 'extremely'),
(1592, 'eye'),
(1593, 'eyes'),
(1594, 'f'),
(1595, 'fabulous'),
(1596, 'face'),
(1597, 'faced'),
(1598, 'faces'),
(1599, 'facility'),
(1600, 'facing'),
(1601, 'fact'),
(1602, 'facts'),
(1603, 'fail'),
(1604, 'failed'),
(1605, 'failure'),
(1606, 'fair'),
(1607, 'fairly'),
(1608, 'fairy'),
(1609, 'faith'),
(1610, 'fake'),
(1611, 'faking'),
(1612, 'fall'),
(1613, 'fallen'),
(1614, 'falling'),
(1615, 'falls'),
(1616, 'false'),
(1617, 'familiar'),
(1618, 'families'),
(1619, 'family'),
(1620, 'family''s'),
(1621, 'famous'),
(1622, 'fan'),
(1623, 'fancy'),
(1624, 'fans'),
(1625, 'fantastic'),
(1626, 'fantasy'),
(1627, 'far'),
(1628, 'farm'),
(1629, 'fascinating'),
(1630, 'fashion'),
(1631, 'fashioned'),
(1632, 'fast'),
(1633, 'faster'),
(1634, 'fat'),
(1635, 'fate'),
(1636, 'father'),
(1637, 'father''s'),
(1638, 'fathers'),
(1639, 'fault'),
(1640, 'favor'),
(1641, 'favorite'),
(1642, 'favors'),
(1643, 'favour'),
(1644, 'favourite'),
(1645, 'fax'),
(1646, 'fbi'),
(1647, 'fear'),
(1648, 'fears'),
(1649, 'feather'),
(1650, 'fed'),
(1651, 'federal'),
(1652, 'feds'),
(1653, 'feeble'),
(1654, 'feed'),
(1655, 'feeding'),
(1656, 'feel'),
(1657, 'feeling'),
(1658, 'feelings'),
(1659, 'feels'),
(1660, 'feet'),
(1661, 'felicia'),
(1662, 'fell'),
(1663, 'fella'),
(1664, 'fellas'),
(1665, 'fellow'),
(1666, 'felt'),
(1667, 'female'),
(1668, 'fence'),
(1669, 'fertile'),
(1670, 'fever'),
(1671, 'few'),
(1672, 'fiancée'),
(1673, 'fiction'),
(1674, 'field'),
(1675, 'fifteen'),
(1676, 'fifth'),
(1677, 'fifty'),
(1678, 'fight'),
(1679, 'fighter'),
(1680, 'fighting'),
(1681, 'fights'),
(1682, 'figure'),
(1683, 'figured'),
(1684, 'figures'),
(1685, 'file'),
(1686, 'filed'),
(1687, 'files'),
(1688, 'fill'),
(1689, 'filled'),
(1690, 'filling'),
(1691, 'film'),
(1692, 'filthy'),
(1693, 'final'),
(1694, 'finally'),
(1695, 'financial'),
(1696, 'find'),
(1697, 'finding'),
(1698, 'finds'),
(1699, 'fine'),
(1700, 'finest'),
(1701, 'finger'),
(1702, 'fingerprints'),
(1703, 'fingers'),
(1704, 'finish'),
(1705, 'finished'),
(1706, 'fire'),
(1707, 'fired'),
(1708, 'firing'),
(1709, 'firm'),
(1710, 'first'),
(1711, 'fish'),
(1712, 'fishing'),
(1713, 'fit'),
(1714, 'fits'),
(1715, 'fitzgerald'),
(1716, 'five'),
(1717, 'fix'),
(1718, 'fixed'),
(1719, 'flag'),
(1720, 'flame'),
(1721, 'flash'),
(1722, 'flat'),
(1723, 'flattered'),
(1724, 'flesh'),
(1725, 'flew'),
(1726, 'flight'),
(1727, 'flip'),
(1728, 'flirting'),
(1729, 'floating'),
(1730, 'floor'),
(1731, 'florida'),
(1732, 'flow'),
(1733, 'flower'),
(1734, 'flowers'),
(1735, 'flu'),
(1736, 'fly'),
(1737, 'flying'),
(1738, 'focus'),
(1739, 'focused'),
(1740, 'fold'),
(1741, 'folks'),
(1742, 'follow'),
(1743, 'followed'),
(1744, 'following'),
(1745, 'fond'),
(1746, 'food'),
(1747, 'fool'),
(1748, 'fooled'),
(1749, 'foolish'),
(1750, 'foot'),
(1751, 'football'),
(1752, 'for'),
(1753, 'forbid'),
(1754, 'force'),
(1755, 'forced'),
(1756, 'forces'),
(1757, 'foreign'),
(1758, 'forest'),
(1759, 'forever'),
(1760, 'forget'),
(1761, 'forgetting'),
(1762, 'forgive'),
(1763, 'forgiven'),
(1764, 'forgiveness'),
(1765, 'forgot'),
(1766, 'forgotten'),
(1767, 'fork'),
(1768, 'form'),
(1769, 'formal'),
(1770, 'former'),
(1771, 'forms'),
(1772, 'forrester'),
(1773, 'fort'),
(1774, 'forth'),
(1775, 'fortune'),
(1776, 'forty'),
(1777, 'forward'),
(1778, 'fought'),
(1779, 'foul'),
(1780, 'found'),
(1781, 'foundation'),
(1782, 'four'),
(1783, 'fourteen'),
(1784, 'fourth'),
(1785, 'fowl'),
(1786, 'fox'),
(1787, 'frame'),
(1788, 'france'),
(1789, 'francisco'),
(1790, 'frank'),
(1791, 'frankie'),
(1792, 'franklin'),
(1793, 'frankly'),
(1794, 'fraser'),
(1795, 'Frasier'),
(1796, 'fraud'),
(1797, 'freak'),
(1798, 'freaked'),
(1799, 'freaking'),
(1800, 'freaks'),
(1801, 'fred'),
(1802, 'frederick'),
(1803, 'free'),
(1804, 'freedom'),
(1805, 'freeze'),
(1806, 'freezing'),
(1807, 'french'),
(1808, 'frequent'),
(1809, 'fresh'),
(1810, 'friday'),
(1811, 'fridge'),
(1812, 'fried'),
(1813, 'friend'),
(1814, 'friend''s'),
(1815, 'friendly'),
(1816, 'friends'),
(1817, 'friendship'),
(1818, 'fries'),
(1819, 'frightened'),
(1820, 'frog'),
(1821, 'from'),
(1822, 'front'),
(1823, 'frozen'),
(1824, 'fruit'),
(1825, 'fuck'),
(1826, 'fucked'),
(1827, 'fuckin'),
(1828, 'fucking'),
(1829, 'fuel'),
(1830, 'full'),
(1831, 'fully'),
(1832, 'fun'),
(1833, 'function'),
(1834, 'fund'),
(1835, 'funeral'),
(1836, 'funny'),
(1837, 'furious'),
(1838, 'furniture'),
(1839, 'further'),
(1840, 'future'),
(1841, 'g'),
(1842, 'gabrielle'),
(1843, 'gain'),
(1844, 'gallery'),
(1845, 'game'),
(1846, 'games'),
(1847, 'gang'),
(1848, 'garage'),
(1849, 'garbage'),
(1850, 'garden'),
(1851, 'garrison'),
(1852, 'gary'),
(1853, 'gas'),
(1854, 'gate'),
(1855, 'gather'),
(1856, 'gave'),
(1857, 'gay'),
(1858, 'gear'),
(1859, 'gee'),
(1860, 'geez'),
(1861, 'gene'),
(1862, 'general'),
(1863, 'generation'),
(1864, 'generous'),
(1865, 'genetic'),
(1866, 'genius'),
(1867, 'genoa'),
(1868, 'gentle'),
(1869, 'gentleman'),
(1870, 'gentlemen'),
(1871, 'George'),
(1872, 'german'),
(1873, 'gesture'),
(1874, 'get'),
(1875, 'gets'),
(1876, 'gettin'),
(1877, 'getting'),
(1878, 'ghost'),
(1879, 'ghosts'),
(1880, 'gia'),
(1881, 'giant'),
(1882, 'gift'),
(1883, 'gifts'),
(1884, 'gig'),
(1885, 'giles'),
(1886, 'gilmore'),
(1887, 'gimme'),
(1888, 'gina'),
(1889, 'ginger'),
(1890, 'girl'),
(1891, 'girl''s'),
(1892, 'girlfriend'),
(1893, 'girls'),
(1894, 'give'),
(1895, 'given'),
(1896, 'gives'),
(1897, 'giving'),
(1898, 'glad'),
(1899, 'glass'),
(1900, 'glasses'),
(1901, 'glen'),
(1902, 'glory'),
(1903, 'glove'),
(1904, 'gloves'),
(1905, 'glow'),
(1906, 'go'),
(1907, 'goa''uld'),
(1908, 'goal'),
(1909, 'goat'),
(1910, 'god'),
(1911, 'god''s'),
(1912, 'goddamn'),
(1913, 'gods'),
(1914, 'goes'),
(1915, 'goin'),
(1916, 'going'),
(1917, 'gold'),
(1918, 'golden'),
(1919, 'golf'),
(1920, 'gone'),
(1921, 'gonna'),
(1922, 'good'),
(1923, 'goodbye'),
(1924, 'goodness'),
(1925, 'goodnight'),
(1926, 'goods'),
(1927, 'goose'),
(1928, 'gordon'),
(1929, 'gorgeous'),
(1930, 'gosh'),
(1931, 'got'),
(1932, 'gotcha'),
(1933, 'gotta'),
(1934, 'gotten'),
(1935, 'government'),
(1936, 'governor'),
(1937, 'gown'),
(1938, 'grab'),
(1939, 'grabbed'),
(1940, 'grace'),
(1941, 'grade'),
(1942, 'grades'),
(1943, 'graduate'),
(1944, 'graduation'),
(1945, 'grain'),
(1946, 'grams'),
(1947, 'grand'),
(1948, 'granddaughter'),
(1949, 'grandfather'),
(1950, 'grandma'),
(1951, 'grandmother'),
(1952, 'grandpa'),
(1953, 'grandson'),
(1954, 'grant'),
(1955, 'granted'),
(1956, 'grass'),
(1957, 'grateful'),
(1958, 'grave'),
(1959, 'gray'),
(1960, 'great'),
(1961, 'greater'),
(1962, 'greatest'),
(1963, 'greek'),
(1964, 'green'),
(1965, 'Greenlee'),
(1966, 'greg'),
(1967, 'greta'),
(1968, 'grew'),
(1969, 'grey'),
(1970, 'grief'),
(1971, 'grip'),
(1972, 'groom'),
(1973, 'gross'),
(1974, 'ground'),
(1975, 'grounded'),
(1976, 'grounds'),
(1977, 'group'),
(1978, 'grow'),
(1979, 'growing'),
(1980, 'grown'),
(1981, 'growth'),
(1982, 'gt'),
(1983, 'guarantee'),
(1984, 'guard'),
(1985, 'guards'),
(1986, 'guess'),
(1987, 'guessing'),
(1988, 'guest'),
(1989, 'guests'),
(1990, 'guide'),
(1991, 'guilt'),
(1992, 'guilty'),
(1993, 'guitar'),
(1994, 'gum'),
(1995, 'gun'),
(1996, 'guns'),
(1997, 'gus'),
(1998, 'gut'),
(1999, 'guts'),
(2000, 'guy'),
(2001, 'guy''s'),
(2002, 'guys'),
(2003, 'gwen'),
(2004, 'gym'),
(2005, 'h'),
(2006, 'ha'),
(2007, 'habit'),
(2008, 'had'),
(2009, 'hadn''t'),
(2010, 'hah'),
(2011, 'hair'),
(2012, 'hal'),
(2013, 'half'),
(2014, 'halfway'),
(2015, 'hall'),
(2016, 'halloween'),
(2017, 'hallway'),
(2018, 'hammer'),
(2019, 'hand'),
(2020, 'handed'),
(2021, 'handle'),
(2022, 'handled'),
(2023, 'handling'),
(2024, 'hands'),
(2025, 'handsome'),
(2026, 'handy'),
(2027, 'hang'),
(2028, 'hanging'),
(2029, 'hank'),
(2030, 'happen'),
(2031, 'happened'),
(2032, 'happening'),
(2033, 'happens'),
(2034, 'happier'),
(2035, 'happiest'),
(2036, 'happily'),
(2037, 'happiness'),
(2038, 'happy'),
(2039, 'harbor'),
(2040, 'harbour'),
(2041, 'hard'),
(2042, 'harder'),
(2043, 'hardly'),
(2044, 'harley'),
(2045, 'harm'),
(2046, 'harmony'),
(2047, 'harold'),
(2048, 'harris'),
(2049, 'harry'),
(2050, 'harsh'),
(2051, 'hart'),
(2052, 'harvard'),
(2053, 'harvey'),
(2054, 'has'),
(2055, 'hasn''t'),
(2056, 'hat'),
(2057, 'hate'),
(2058, 'hated'),
(2059, 'hates'),
(2060, 'have'),
(2061, 'haven''t'),
(2062, 'having'),
(2063, 'hawaii'),
(2064, 'hayley'),
(2065, 'hayward'),
(2066, 'he'),
(2067, 'he''d'),
(2068, 'he''ll'),
(2069, 'he''s'),
(2070, 'head'),
(2071, 'headache'),
(2072, 'headed'),
(2073, 'heading'),
(2074, 'heads'),
(2075, 'heal'),
(2076, 'healing'),
(2077, 'health'),
(2078, 'healthy'),
(2079, 'hear'),
(2080, 'heard'),
(2081, 'hearing'),
(2082, 'hears'),
(2083, 'heart'),
(2084, 'hearts'),
(2085, 'heat'),
(2086, 'heaven'),
(2087, 'heaven''s'),
(2088, 'heavy'),
(2089, 'heck'),
(2090, 'heels'),
(2091, 'heh'),
(2092, 'held'),
(2093, 'helen'),
(2094, 'helena'),
(2095, 'helicopter'),
(2096, 'hell'),
(2097, 'hell''s'),
(2098, 'hello'),
(2099, 'help'),
(2100, 'helped'),
(2101, 'helpful'),
(2102, 'helping'),
(2103, 'helpless'),
(2104, 'helps'),
(2105, 'henry'),
(2106, 'her'),
(2107, 'here'),
(2108, 'here''s'),
(2109, 'hero'),
(2110, 'hers'),
(2111, 'herself'),
(2112, 'hey'),
(2113, 'hi'),
(2114, 'hid'),
(2115, 'hidden'),
(2116, 'hide'),
(2117, 'hiding'),
(2118, 'high'),
(2119, 'higher'),
(2120, 'highest'),
(2121, 'highly'),
(2122, 'highway'),
(2123, 'hilda'),
(2124, 'hill'),
(2125, 'hills'),
(2126, 'him'),
(2127, 'himself'),
(2128, 'hint'),
(2129, 'hip'),
(2130, 'hire'),
(2131, 'hired'),
(2132, 'his'),
(2133, 'history'),
(2134, 'hit'),
(2135, 'hits'),
(2136, 'hitting'),
(2137, 'hm'),
(2138, 'hmm'),
(2139, 'hmmm'),
(2140, 'ho'),
(2141, 'hockey'),
(2142, 'hold'),
(2143, 'holden'),
(2144, 'holding'),
(2145, 'holds'),
(2146, 'hole'),
(2147, 'holes'),
(2148, 'holiday'),
(2149, 'holidays'),
(2150, 'hollow'),
(2151, 'holly'),
(2152, 'hollywood'),
(2153, 'holy'),
(2154, 'home'),
(2155, 'homeless'),
(2156, 'homer'),
(2157, 'homework'),
(2158, 'homicide'),
(2159, 'hon'),
(2160, 'honest'),
(2161, 'honestly'),
(2162, 'honesty'),
(2163, 'honey'),
(2164, 'honeymoon'),
(2165, 'honor'),
(2166, 'honorable'),
(2167, 'honored'),
(2168, 'hoo'),
(2169, 'hood'),
(2170, 'hook'),
(2171, 'hooked'),
(2172, 'hooker'),
(2173, 'hop'),
(2174, 'hope'),
(2175, 'hope''s'),
(2176, 'hoped'),
(2177, 'hopefully'),
(2178, 'hopeless'),
(2179, 'hopes'),
(2180, 'hoping'),
(2181, 'horn'),
(2182, 'horrible'),
(2183, 'horror'),
(2184, 'horse'),
(2185, 'horses'),
(2186, 'hospital'),
(2187, 'host'),
(2188, 'hostage'),
(2189, 'hostile'),
(2190, 'hot'),
(2191, 'hotel'),
(2192, 'hour'),
(2193, 'hours'),
(2194, 'house'),
(2195, 'houses'),
(2196, 'houston'),
(2197, 'how'),
(2198, 'how''d'),
(2199, 'how''ll'),
(2200, 'how''s'),
(2201, 'howard'),
(2202, 'however'),
(2203, 'hug'),
(2204, 'huge'),
(2205, 'hughes'),
(2206, 'huh'),
(2207, 'human'),
(2208, 'humans'),
(2209, 'humor'),
(2210, 'humour'),
(2211, 'hundred'),
(2212, 'hundreds'),
(2213, 'hung'),
(2214, 'hungry'),
(2215, 'hunt'),
(2216, 'hunting'),
(2217, 'hurry'),
(2218, 'hurt'),
(2219, 'hurting'),
(2220, 'hurts'),
(2221, 'husband'),
(2222, 'husband''s'),
(2223, 'I'),
(2224, 'I''d'),
(2225, 'i''d'),
(2226, 'I''ll'),
(2227, 'i''ll'),
(2228, 'I''m'),
(2229, 'i''m'),
(2230, 'I''ve'),
(2231, 'i''ve'),
(2232, 'ian'),
(2233, 'ice'),
(2234, 'id'),
(2235, 'idea'),
(2236, 'ideas'),
(2237, 'identify'),
(2238, 'identity'),
(2239, 'idiot'),
(2240, 'if'),
(2241, 'ignore'),
(2242, 'ill'),
(2243, 'illegal'),
(2244, 'illness'),
(2245, 'image'),
(2246, 'imagination'),
(2247, 'imagine'),
(2248, 'imagined'),
(2249, 'immediate'),
(2250, 'immediately'),
(2251, 'impact'),
(2252, 'important'),
(2253, 'impossible'),
(2254, 'impress'),
(2255, 'impressed'),
(2256, 'impression'),
(2257, 'impressive'),
(2258, 'impulse'),
(2259, 'in'),
(2260, 'inappropriate'),
(2261, 'inch'),
(2262, 'incident'),
(2263, 'include'),
(2264, 'including'),
(2265, 'increase'),
(2266, 'incredible'),
(2267, 'incredibly'),
(2268, 'indeed'),
(2269, 'independence'),
(2270, 'independent'),
(2271, 'india'),
(2272, 'indian'),
(2273, 'industry'),
(2274, 'infection'),
(2275, 'influence'),
(2276, 'information'),
(2277, 'informed'),
(2278, 'injured'),
(2279, 'injury'),
(2280, 'ink'),
(2281, 'inn'),
(2282, 'inner'),
(2283, 'innocent'),
(2284, 'insane'),
(2285, 'insanity'),
(2286, 'insect'),
(2287, 'inside'),
(2288, 'insist'),
(2289, 'insisted'),
(2290, 'inspector'),
(2291, 'instance'),
(2292, 'instant'),
(2293, 'instead'),
(2294, 'instinct'),
(2295, 'instincts'),
(2296, 'instructions'),
(2297, 'instrument'),
(2298, 'insult'),
(2299, 'insurance'),
(2300, 'integrity'),
(2301, 'intelligence'),
(2302, 'intelligent'),
(2303, 'intend'),
(2304, 'intended'),
(2305, 'intense'),
(2306, 'intention'),
(2307, 'intentions'),
(2308, 'interest'),
(2309, 'interested'),
(2310, 'interesting'),
(2311, 'interests'),
(2312, 'interfere'),
(2313, 'internal'),
(2314, 'international'),
(2315, 'internet'),
(2316, 'interrupt'),
(2317, 'interrupting'),
(2318, 'interview'),
(2319, 'intimate'),
(2320, 'into'),
(2321, 'introduce'),
(2322, 'introduced'),
(2323, 'invented'),
(2324, 'invention'),
(2325, 'investigating'),
(2326, 'investigation'),
(2327, 'investment'),
(2328, 'invisible'),
(2329, 'invitation'),
(2330, 'invite'),
(2331, 'invited'),
(2332, 'inviting'),
(2333, 'involve'),
(2334, 'involved'),
(2335, 'iron'),
(2336, 'ironic'),
(2337, 'is'),
(2338, 'isaac'),
(2339, 'isabel'),
(2340, 'isabella'),
(2341, 'island'),
(2342, 'isn''t'),
(2343, 'issue'),
(2344, 'issues'),
(2345, 'it'),
(2346, 'it''d'),
(2347, 'it''ll'),
(2348, 'it''s'),
(2349, 'italian'),
(2350, 'italy'),
(2351, 'item'),
(2352, 'its'),
(2353, 'itself'),
(2354, 'ivy'),
(2355, 'j'),
(2356, 'jabot'),
(2357, 'jack'),
(2358, 'jack''s'),
(2359, 'jacket'),
(2360, 'jackie'),
(2361, 'jacks'),
(2362, 'jackson'),
(2363, 'jail'),
(2364, 'jake'),
(2365, 'jake''s'),
(2366, 'jam'),
(2367, 'jamal'),
(2368, 'James'),
(2369, 'jamie'),
(2370, 'jan'),
(2371, 'jane'),
(2372, 'janine'),
(2373, 'japanese'),
(2374, 'Jason'),
(2375, 'jason''s'),
(2376, 'java'),
(2377, 'Jax'),
(2378, 'jay'),
(2379, 'jealous'),
(2380, 'jealousy'),
(2381, 'jean'),
(2382, 'jeez'),
(2383, 'jeff'),
(2384, 'jefferson'),
(2385, 'jeffrey'),
(2386, 'jelly'),
(2387, 'jen'),
(2388, 'jen''s'),
(2389, 'jenkins'),
(2390, 'jennifer'),
(2391, 'jenny'),
(2392, 'jerk'),
(2393, 'Jerry'),
(2394, 'jersey'),
(2395, 'jess'),
(2396, 'jesse'),
(2397, 'Jessica'),
(2398, 'jessica''s'),
(2399, 'jessie'),
(2400, 'Jesus'),
(2401, 'jet'),
(2402, 'jewel'),
(2403, 'jewelry'),
(2404, 'jewish'),
(2405, 'jill'),
(2406, 'jim'),
(2407, 'jimmy'),
(2408, 'jo'),
(2409, 'joanna'),
(2410, 'job'),
(2411, 'jobs'),
(2412, 'joe'),
(2413, 'joel'),
(2414, 'joey'),
(2415, 'john'),
(2416, 'johnny'),
(2417, 'johnson'),
(2418, 'join'),
(2419, 'joined'),
(2420, 'joining'),
(2421, 'joint'),
(2422, 'joke'),
(2423, 'jokes'),
(2424, 'joking'),
(2425, 'jones'),
(2426, 'jordan'),
(2427, 'joseph'),
(2428, 'josh'),
(2429, 'joshua'),
(2430, 'journal'),
(2431, 'journey'),
(2432, 'joy'),
(2433, 'judge'),
(2434, 'judging'),
(2435, 'judgment'),
(2436, 'juice'),
(2437, 'julia'),
(2438, 'Julian'),
(2439, 'julian''s'),
(2440, 'julie'),
(2441, 'july'),
(2442, 'jump'),
(2443, 'jumped'),
(2444, 'jumping'),
(2445, 'june'),
(2446, 'jungle'),
(2447, 'junior'),
(2448, 'junk'),
(2449, 'jury'),
(2450, 'just'),
(2451, 'justice'),
(2452, 'k'),
(2453, 'kane'),
(2454, 'karen'),
(2455, 'kate'),
(2456, 'katherine'),
(2457, 'katie'),
(2458, 'Kay'),
(2459, 'keep'),
(2460, 'keeping'),
(2461, 'keeps'),
(2462, 'keith'),
(2463, 'kelly'),
(2464, 'kelso'),
(2465, 'ken'),
(2466, 'kendall'),
(2467, 'kennedy'),
(2468, 'kenny'),
(2469, 'kept'),
(2470, 'keri'),
(2471, 'kettle'),
(2472, 'kevin'),
(2473, 'key'),
(2474, 'keys'),
(2475, 'kick'),
(2476, 'kicked'),
(2477, 'kicking'),
(2478, 'kid'),
(2479, 'kid''s'),
(2480, 'kidding'),
(2481, 'kiddo'),
(2482, 'kidnap'),
(2483, 'kidnapped'),
(2484, 'kidnapping'),
(2485, 'kidney'),
(2486, 'kids'),
(2487, 'kill'),
(2488, 'killed'),
(2489, 'killer'),
(2490, 'killing'),
(2491, 'kills'),
(2492, 'kim'),
(2493, 'kind'),
(2494, 'kinda'),
(2495, 'kindly'),
(2496, 'kinds'),
(2497, 'king'),
(2498, 'kirk'),
(2499, 'kiss'),
(2500, 'kissed'),
(2501, 'kissing'),
(2502, 'kit'),
(2503, 'kitchen'),
(2504, 'kitty'),
(2505, 'knee'),
(2506, 'knees'),
(2507, 'knew'),
(2508, 'knife'),
(2509, 'knock'),
(2510, 'knocked'),
(2511, 'knocking'),
(2512, 'knot'),
(2513, 'know'),
(2514, 'knowing'),
(2515, 'knowledge'),
(2516, 'known'),
(2517, 'knows'),
(2518, 'kraft'),
(2519, 'kramer'),
(2520, 'kristen'),
(2521, 'kristina'),
(2522, 'kyle'),
(2523, 'l'),
(2524, 'la'),
(2525, 'lab'),
(2526, 'labor'),
(2527, 'lack'),
(2528, 'lad'),
(2529, 'ladies'),
(2530, 'lady'),
(2531, 'laid'),
(2532, 'lake'),
(2533, 'lakeview'),
(2534, 'lame'),
(2535, 'lamp'),
(2536, 'land'),
(2537, 'landed'),
(2538, 'landing'),
(2539, 'lane'),
(2540, 'language'),
(2541, 'lap'),
(2542, 'large'),
(2543, 'larry'),
(2544, 'las'),
(2545, 'last'),
(2546, 'late'),
(2547, 'lately'),
(2548, 'later'),
(2549, 'latest'),
(2550, 'laugh'),
(2551, 'laughed'),
(2552, 'laughing'),
(2553, 'launch'),
(2554, 'laundry'),
(2555, 'laura'),
(2556, 'lauren'),
(2557, 'laurence'),
(2558, 'laurie'),
(2559, 'law'),
(2560, 'lawn'),
(2561, 'laws'),
(2562, 'lawsuit'),
(2563, 'lawyer'),
(2564, 'lawyers'),
(2565, 'lay'),
(2566, 'laying'),
(2567, 'le'),
(2568, 'lead'),
(2569, 'leader'),
(2570, 'leading'),
(2571, 'leads'),
(2572, 'leaf'),
(2573, 'league'),
(2574, 'leak'),
(2575, 'lean'),
(2576, 'leap'),
(2577, 'learn'),
(2578, 'learned'),
(2579, 'learning'),
(2580, 'least'),
(2581, 'leather'),
(2582, 'leave'),
(2583, 'leaves'),
(2584, 'leaving'),
(2585, 'lecture'),
(2586, 'led'),
(2587, 'lee'),
(2588, 'leery'),
(2589, 'left'),
(2590, 'leg'),
(2591, 'legal'),
(2592, 'legally'),
(2593, 'legend'),
(2594, 'legs'),
(2595, 'lemme'),
(2596, 'lenny'),
(2597, 'leo'),
(2598, 'leo''s'),
(2599, 'lesbian'),
(2600, 'leslie'),
(2601, 'less'),
(2602, 'lesson'),
(2603, 'lessons'),
(2604, 'let'),
(2605, 'let''s'),
(2606, 'lets'),
(2607, 'letter'),
(2608, 'letters'),
(2609, 'letting'),
(2610, 'level'),
(2611, 'lewis'),
(2612, 'lexie'),
(2613, 'liar'),
(2614, 'libby'),
(2615, 'liberty'),
(2616, 'library'),
(2617, 'license'),
(2618, 'lie'),
(2619, 'lied'),
(2620, 'lies'),
(2621, 'lieutenant'),
(2622, 'life'),
(2623, 'life''s'),
(2624, 'lifetime'),
(2625, 'lift'),
(2626, 'light'),
(2627, 'lighten'),
(2628, 'lightning'),
(2629, 'lights'),
(2630, 'like'),
(2631, 'liked'),
(2632, 'likely'),
(2633, 'likes'),
(2634, 'lily'),
(2635, 'limit'),
(2636, 'limits'),
(2637, 'limo'),
(2638, 'linda'),
(2639, 'Lindsay'),
(2640, 'line'),
(2641, 'linen'),
(2642, 'lines'),
(2643, 'link'),
(2644, 'lip'),
(2645, 'lips'),
(2646, 'lipstick'),
(2647, 'liquid'),
(2648, 'liquor'),
(2649, 'lisa'),
(2650, 'list'),
(2651, 'listen'),
(2652, 'listened'),
(2653, 'listening'),
(2654, 'lit'),
(2655, 'literally'),
(2656, 'little'),
(2657, 'liv'),
(2658, 'live'),
(2659, 'lived'),
(2660, 'liver'),
(2661, 'lives'),
(2662, 'living'),
(2663, 'livvie'),
(2664, 'liz'),
(2665, 'liza'),
(2666, 'lizzie'),
(2667, 'llanview'),
(2668, 'lloyd'),
(2669, 'lo'),
(2670, 'load'),
(2671, 'loaded'),
(2672, 'loan'),
(2673, 'lobby'),
(2674, 'local'),
(2675, 'location'),
(2676, 'lock'),
(2677, 'locked'),
(2678, 'locker'),
(2679, 'loft'),
(2680, 'log'),
(2681, 'logan'),
(2682, 'logical'),
(2683, 'london'),
(2684, 'lonely'),
(2685, 'long'),
(2686, 'longer'),
(2687, 'look'),
(2688, 'looked'),
(2689, 'lookin'),
(2690, 'looking'),
(2691, 'looks'),
(2692, 'loop'),
(2693, 'loose'),
(2694, 'lopez'),
(2695, 'lord'),
(2696, 'lorelai'),
(2697, 'lorelei'),
(2698, 'los'),
(2699, 'lose'),
(2700, 'loser'),
(2701, 'losers'),
(2702, 'loses'),
(2703, 'losing'),
(2704, 'loss'),
(2705, 'lost'),
(2706, 'lot'),
(2707, 'lots'),
(2708, 'lou'),
(2709, 'loud'),
(2710, 'louie'),
(2711, 'louis'),
(2712, 'louise'),
(2713, 'lousy'),
(2714, 'love'),
(2715, 'loved'),
(2716, 'lovely'),
(2717, 'lover'),
(2718, 'lovers'),
(2719, 'loves'),
(2720, 'loving'),
(2721, 'low'),
(2722, 'lower'),
(2723, 'loyal'),
(2724, 'loyalty'),
(2725, 'lt'),
(2726, 'lucas'),
(2727, 'lucinda'),
(2728, 'luck'),
(2729, 'lucky'),
(2730, 'lucy'),
(2731, 'lucy''s'),
(2732, 'Luis'),
(2733, 'luke'),
(2734, 'luke''s'),
(2735, 'lunatic'),
(2736, 'lunch'),
(2737, 'lungs'),
(2738, 'lying'),
(2739, 'm'),
(2740, 'ma'),
(2741, 'ma''am'),
(2742, 'mac'),
(2743, 'machine'),
(2744, 'machines'),
(2745, 'maciver'),
(2746, 'mackenzie'),
(2747, 'macy'),
(2748, 'mad'),
(2749, 'madam'),
(2750, 'maddie'),
(2751, 'made'),
(2752, 'magazine'),
(2753, 'magazines'),
(2754, 'maggie'),
(2755, 'magic'),
(2756, 'magical'),
(2757, 'maid'),
(2758, 'mail'),
(2759, 'main'),
(2760, 'maintain'),
(2761, 'majesty'),
(2762, 'major'),
(2763, 'make'),
(2764, 'makes'),
(2765, 'makeup'),
(2766, 'making'),
(2767, 'malcolm'),
(2768, 'male'),
(2769, 'mall'),
(2770, 'mama'),
(2771, 'man'),
(2772, 'man''s'),
(2773, 'manage'),
(2774, 'managed'),
(2775, 'management'),
(2776, 'manager'),
(2777, 'mandy'),
(2778, 'manhattan'),
(2779, 'manner'),
(2780, 'manners'),
(2781, 'manning'),
(2782, 'mansion'),
(2783, 'many'),
(2784, 'map'),
(2785, 'marah'),
(2786, 'march'),
(2787, 'marcus'),
(2788, 'marcy'),
(2789, 'margaret'),
(2790, 'marge'),
(2791, 'margo'),
(2792, 'maria'),
(2793, 'marie'),
(2794, 'marina'),
(2795, 'maris'),
(2796, 'marissa'),
(2797, 'mark'),
(2798, 'market'),
(2799, 'marks'),
(2800, 'marlena'),
(2801, 'marriage'),
(2802, 'married'),
(2803, 'marry'),
(2804, 'marrying'),
(2805, 'marshall'),
(2806, 'martha'),
(2807, 'martin'),
(2808, 'martini'),
(2809, 'marty'),
(2810, 'mary'),
(2811, 'mask'),
(2812, 'mass'),
(2813, 'massage'),
(2814, 'massimo'),
(2815, 'massive'),
(2816, 'master'),
(2817, 'match'),
(2818, 'matches'),
(2819, 'mate'),
(2820, 'mateo'),
(2821, 'material'),
(2822, 'math'),
(2823, 'matt'),
(2824, 'matter'),
(2825, 'matters'),
(2826, 'matthew'),
(2827, 'mature'),
(2828, 'maureen'),
(2829, 'max'),
(2830, 'maxie'),
(2831, 'may'),
(2832, 'maybe'),
(2833, 'mayor'),
(2834, 'me'),
(2835, 'meal'),
(2836, 'mean'),
(2837, 'meaning'),
(2838, 'means'),
(2839, 'meant'),
(2840, 'meantime'),
(2841, 'meanwhile'),
(2842, 'measure'),
(2843, 'meat'),
(2844, 'med'),
(2845, 'media'),
(2846, 'medical'),
(2847, 'medication'),
(2848, 'medicine'),
(2849, 'meet'),
(2850, 'meeting'),
(2851, 'meetings'),
(2852, 'megan'),
(2853, 'mel'),
(2854, 'melissa'),
(2855, 'member'),
(2856, 'members'),
(2857, 'memorial'),
(2858, 'memories'),
(2859, 'memory'),
(2860, 'men'),
(2861, 'men''s'),
(2862, 'mental'),
(2863, 'mention'),
(2864, 'mentioned'),
(2865, 'menu'),
(2866, 'mercy'),
(2867, 'merely'),
(2868, 'merry'),
(2869, 'mess'),
(2870, 'message'),
(2871, 'messages'),
(2872, 'messed'),
(2873, 'messenger'),
(2874, 'messing'),
(2875, 'met'),
(2876, 'metal'),
(2877, 'mexico'),
(2878, 'mia'),
(2879, 'miami'),
(2880, 'Michael'),
(2881, 'michael''s'),
(2882, 'michelle'),
(2883, 'mickey'),
(2884, 'mid'),
(2885, 'middle'),
(2886, 'midnight'),
(2887, 'might'),
(2888, 'might''ve'),
(2889, 'mightn''t'),
(2890, 'mighty'),
(2891, 'Miguel'),
(2892, 'mike'),
(2893, 'mikey'),
(2894, 'mile'),
(2895, 'miles'),
(2896, 'military'),
(2897, 'milk'),
(2898, 'mill'),
(2899, 'miller'),
(2900, 'million'),
(2901, 'millions'),
(2902, 'mimi'),
(2903, 'mind'),
(2904, 'minds'),
(2905, 'mine'),
(2906, 'minimum'),
(2907, 'minister'),
(2908, 'minor'),
(2909, 'minute'),
(2910, 'minutes'),
(2911, 'miracle'),
(2912, 'miracles'),
(2913, 'mirror'),
(2914, 'miserable'),
(2915, 'misery'),
(2916, 'miss'),
(2917, 'missed'),
(2918, 'misses'),
(2919, 'missing'),
(2920, 'mission'),
(2921, 'missy'),
(2922, 'mist'),
(2923, 'mistake'),
(2924, 'mistaken'),
(2925, 'mistakes'),
(2926, 'mister'),
(2927, 'misunderstanding'),
(2928, 'misunderstood'),
(2929, 'mitch'),
(2930, 'mix'),
(2931, 'mixed'),
(2932, 'mm'),
(2933, 'mmm'),
(2934, 'mob'),
(2935, 'model'),
(2936, 'modern'),
(2937, 'molly'),
(2938, 'mom'),
(2939, 'mom''s'),
(2940, 'moment'),
(2941, 'moments'),
(2942, 'mommy'),
(2943, 'mommy''s'),
(2944, 'mon'),
(2945, 'monday'),
(2946, 'money'),
(2947, 'monica'),
(2948, 'monitor'),
(2949, 'monkey'),
(2950, 'monster'),
(2951, 'monsters'),
(2952, 'montgomery'),
(2953, 'month'),
(2954, 'months'),
(2955, 'mood'),
(2956, 'moon'),
(2957, 'moral'),
(2958, 'more'),
(2959, 'morgan'),
(2960, 'morning'),
(2961, 'moron'),
(2962, 'mortal'),
(2963, 'most'),
(2964, 'mostly'),
(2965, 'motel'),
(2966, 'mother'),
(2967, 'mother''s'),
(2968, 'motherfucker'),
(2969, 'mothers'),
(2970, 'motion'),
(2971, 'motive'),
(2972, 'motorcycle'),
(2973, 'mountain'),
(2974, 'mountains'),
(2975, 'mouse'),
(2976, 'mouth'),
(2977, 'move'),
(2978, 'moved'),
(2979, 'moves'),
(2980, 'movie'),
(2981, 'movies'),
(2982, 'moving'),
(2983, 'Mr'),
(2984, 'mrs'),
(2985, 'ms'),
(2986, 'much'),
(2987, 'mud'),
(2988, 'muffin'),
(2989, 'mum'),
(2990, 'murder'),
(2991, 'murdered'),
(2992, 'murderer'),
(2993, 'murphy'),
(2994, 'muscle'),
(2995, 'museum'),
(2996, 'music'),
(2997, 'must'),
(2998, 'must''ve'),
(2999, 'mustn''t'),
(3000, 'mutual'),
(3001, 'my'),
(3002, 'myself'),
(3003, 'mysterious'),
(3004, 'mystery'),
(3005, 'n'),
(3006, 'nah'),
(3007, 'nail'),
(3008, 'nails'),
(3009, 'naive'),
(3010, 'naked'),
(3011, 'name'),
(3012, 'name''s'),
(3013, 'named'),
(3014, 'names'),
(3015, 'nancy'),
(3016, 'nanny'),
(3017, 'nap'),
(3018, 'narrow'),
(3019, 'nasty'),
(3020, 'Natalie'),
(3021, 'natalie''s'),
(3022, 'nate'),
(3023, 'nathan'),
(3024, 'nation'),
(3025, 'national'),
(3026, 'natural'),
(3027, 'naturally'),
(3028, 'nature'),
(3029, 'naughty'),
(3030, 'nbsp'),
(3031, 'near'),
(3032, 'nearly'),
(3033, 'neat'),
(3034, 'necessarily'),
(3035, 'necessary'),
(3036, 'neck'),
(3037, 'necklace'),
(3038, 'ned'),
(3039, 'need'),
(3040, 'needed'),
(3041, 'needing'),
(3042, 'needle'),
(3043, 'needs'),
(3044, 'negative'),
(3045, 'neighbor'),
(3046, 'neighborhood'),
(3047, 'neighbors'),
(3048, 'neil'),
(3049, 'neither'),
(3050, 'nephew'),
(3051, 'nerve'),
(3052, 'nerves'),
(3053, 'nervous'),
(3054, 'nest'),
(3055, 'net'),
(3056, 'network'),
(3057, 'never'),
(3058, 'new'),
(3059, 'newman'),
(3060, 'news'),
(3061, 'newspaper'),
(3062, 'next'),
(3063, 'nice'),
(3064, 'nicely'),
(3065, 'nicholas'),
(3066, 'nick'),
(3067, 'nicky'),
(3068, 'nicole'),
(3069, 'niece'),
(3070, 'nigel'),
(3071, 'night'),
(3072, 'night''s'),
(3073, 'nightmare'),
(3074, 'nights'),
(3075, 'niki'),
(3076, 'nikki'),
(3077, 'nikolas'),
(3078, 'Niles'),
(3079, 'nina'),
(3080, 'nine'),
(3081, 'ninety'),
(3082, 'no'),
(3083, 'noah'),
(3084, 'noble'),
(3085, 'nobody'),
(3086, 'nobody''s'),
(3087, 'noise'),
(3088, 'non'),
(3089, 'none'),
(3090, 'nonsense'),
(3091, 'noon'),
(3092, 'nope'),
(3093, 'nor'),
(3094, 'nora'),
(3095, 'norma'),
(3096, 'normal'),
(3097, 'normally'),
(3098, 'norman'),
(3099, 'north'),
(3100, 'nose'),
(3101, 'not'),
(3102, 'note'),
(3103, 'notes'),
(3104, 'nothin'),
(3105, 'nothing'),
(3106, 'nothing''s'),
(3107, 'notice'),
(3108, 'noticed'),
(3109, 'now'),
(3110, 'nowhere'),
(3111, 'nuclear'),
(3112, 'number'),
(3113, 'numbers'),
(3114, 'nurse'),
(3115, 'nurses'),
(3116, 'nut'),
(3117, 'nuts'),
(3118, 'o'),
(3119, 'o''clock'),
(3120, 'o''neill'),
(3121, 'oakdale'),
(3122, 'oath'),
(3123, 'object'),
(3124, 'objection'),
(3125, 'observation'),
(3126, 'obsessed'),
(3127, 'obsession'),
(3128, 'obvious'),
(3129, 'obviously'),
(3130, 'occasion'),
(3131, 'occurred'),
(3132, 'ocean'),
(3133, 'odd'),
(3134, 'odds'),
(3135, 'of'),
(3136, 'off'),
(3137, 'offense'),
(3138, 'offer'),
(3139, 'offered'),
(3140, 'offering'),
(3141, 'office'),
(3142, 'officer'),
(3143, 'officers'),
(3144, 'official'),
(3145, 'officially'),
(3146, 'often'),
(3147, 'oh'),
(3148, 'ohh'),
(3149, 'ohhh'),
(3150, 'oil'),
(3151, 'ok(see also okay)'),
(3152, 'okay(see also ok)'),
(3153, 'ol'),
(3154, 'old'),
(3155, 'older'),
(3156, 'oldest'),
(3157, 'oliver'),
(3158, 'olivia'),
(3159, 'on'),
(3160, 'once'),
(3161, 'one'),
(3162, 'one''s'),
(3163, 'ones'),
(3164, 'only'),
(3165, 'onto'),
(3166, 'ooh'),
(3167, 'oooh'),
(3168, 'oops'),
(3169, 'opal'),
(3170, 'open'),
(3171, 'opened'),
(3172, 'opening'),
(3173, 'opens'),
(3174, 'opera'),
(3175, 'operate'),
(3176, 'operation'),
(3177, 'opinion'),
(3178, 'opportunity'),
(3179, 'opposite'),
(3180, 'option'),
(3181, 'options'),
(3182, 'or'),
(3183, 'orange'),
(3184, 'order'),
(3185, 'ordered'),
(3186, 'ordering'),
(3187, 'orders'),
(3188, 'ordinary'),
(3189, 'organization'),
(3190, 'organized'),
(3191, 'original'),
(3192, 'ornament'),
(3193, 'oswald'),
(3194, 'other');
INSERT INTO `stop_words` (`id`, `varchar`) VALUES
(3195, 'other''s'),
(3196, 'others'),
(3197, 'otherwise'),
(3198, 'ouch'),
(3199, 'ought'),
(3200, 'oughta'),
(3201, 'our'),
(3202, 'ours'),
(3203, 'ourselves'),
(3204, 'out'),
(3205, 'outfit'),
(3206, 'outside'),
(3207, 'outta'),
(3208, 'oven'),
(3209, 'over'),
(3210, 'overheard'),
(3211, 'overnight'),
(3212, 'overreacting'),
(3213, 'ow'),
(3214, 'owe'),
(3215, 'owes'),
(3216, 'own'),
(3217, 'owned'),
(3218, 'owner'),
(3219, 'owns'),
(3220, 'oxygen'),
(3221, 'oz'),
(3222, 'p'),
(3223, 'pa'),
(3224, 'pace'),
(3225, 'pacey'),
(3226, 'pack'),
(3227, 'package'),
(3228, 'packed'),
(3229, 'packing'),
(3230, 'page'),
(3231, 'pages'),
(3232, 'paid'),
(3233, 'paige'),
(3234, 'pain'),
(3235, 'painful'),
(3236, 'paint'),
(3237, 'painted'),
(3238, 'painting'),
(3239, 'pair'),
(3240, 'pal'),
(3241, 'palace'),
(3242, 'palmer'),
(3243, 'pan'),
(3244, 'pancakes'),
(3245, 'panic'),
(3246, 'pants'),
(3247, 'papa'),
(3248, 'paper'),
(3249, 'papers'),
(3250, 'paperwork'),
(3251, 'parade'),
(3252, 'paradise'),
(3253, 'parallel'),
(3254, 'paranoid'),
(3255, 'parcel'),
(3256, 'pardon'),
(3257, 'parent'),
(3258, 'parents'),
(3259, 'paris'),
(3260, 'park'),
(3261, 'parked'),
(3262, 'parker'),
(3263, 'parking'),
(3264, 'parole'),
(3265, 'part'),
(3266, 'particular'),
(3267, 'particularly'),
(3268, 'parties'),
(3269, 'partner'),
(3270, 'partners'),
(3271, 'parts'),
(3272, 'party'),
(3273, 'pass'),
(3274, 'passed'),
(3275, 'passes'),
(3276, 'passing'),
(3277, 'passion'),
(3278, 'passionate'),
(3279, 'past'),
(3280, 'paste'),
(3281, 'pat'),
(3282, 'patch'),
(3283, 'path'),
(3284, 'pathetic'),
(3285, 'patience'),
(3286, 'patient'),
(3287, 'patients'),
(3288, 'patrick'),
(3289, 'patrol'),
(3290, 'pattern'),
(3291, 'patty'),
(3292, 'Paul'),
(3293, 'paul''s'),
(3294, 'pay'),
(3295, 'payback'),
(3296, 'paying'),
(3297, 'payment'),
(3298, 'pays'),
(3299, 'peace'),
(3300, 'peaceful'),
(3301, 'peanut'),
(3302, 'pee'),
(3303, 'peg'),
(3304, 'peggy'),
(3305, 'pen'),
(3306, 'pencil'),
(3307, 'penis'),
(3308, 'penny'),
(3309, 'penthouse'),
(3310, 'people'),
(3311, 'people''s'),
(3312, 'per'),
(3313, 'percent'),
(3314, 'perfect'),
(3315, 'perfectly'),
(3316, 'perform'),
(3317, 'performance'),
(3318, 'perhaps'),
(3319, 'period'),
(3320, 'perkins'),
(3321, 'permanent'),
(3322, 'permission'),
(3323, 'person'),
(3324, 'personal'),
(3325, 'personality'),
(3326, 'personally'),
(3327, 'personnel'),
(3328, 'perspective'),
(3329, 'pet'),
(3330, 'pete'),
(3331, 'peter'),
(3332, 'petty'),
(3333, 'phase'),
(3334, 'pheebs'),
(3335, 'phil'),
(3336, 'philip'),
(3337, 'phillip'),
(3338, 'phoebe'),
(3339, 'phone'),
(3340, 'phones'),
(3341, 'phony'),
(3342, 'photo'),
(3343, 'photograph'),
(3344, 'photographer'),
(3345, 'photographs'),
(3346, 'photos'),
(3347, 'phyllis'),
(3348, 'physical'),
(3349, 'physically'),
(3350, 'piano'),
(3351, 'pick'),
(3352, 'picked'),
(3353, 'picking'),
(3354, 'picnic'),
(3355, 'picture'),
(3356, 'pictures'),
(3357, 'pie'),
(3358, 'piece'),
(3359, 'pieces'),
(3360, 'pierce'),
(3361, 'pig'),
(3362, 'pigs'),
(3363, 'pilar'),
(3364, 'pile'),
(3365, 'pill'),
(3366, 'pillow'),
(3367, 'pills'),
(3368, 'pilot'),
(3369, 'pin'),
(3370, 'pine'),
(3371, 'pink'),
(3372, 'pipe'),
(3373, 'piper'),
(3374, 'piss'),
(3375, 'pissed'),
(3376, 'pit'),
(3377, 'pitch'),
(3378, 'pity'),
(3379, 'pizza'),
(3380, 'place'),
(3381, 'placed'),
(3382, 'places'),
(3383, 'plain'),
(3384, 'plan'),
(3385, 'plane'),
(3386, 'planet'),
(3387, 'planned'),
(3388, 'planning'),
(3389, 'plans'),
(3390, 'plant'),
(3391, 'planted'),
(3392, 'plastic'),
(3393, 'plate'),
(3394, 'plates'),
(3395, 'play'),
(3396, 'played'),
(3397, 'player'),
(3398, 'players'),
(3399, 'playing'),
(3400, 'plays'),
(3401, 'plea'),
(3402, 'pleasant'),
(3403, 'please'),
(3404, 'pleased'),
(3405, 'pleasure'),
(3406, 'plenty'),
(3407, 'plot'),
(3408, 'plough'),
(3409, 'plug'),
(3410, 'plus'),
(3411, 'pocket'),
(3412, 'poem'),
(3413, 'poetry'),
(3414, 'point'),
(3415, 'pointing'),
(3416, 'points'),
(3417, 'poison'),
(3418, 'poker'),
(3419, 'pole'),
(3420, 'police'),
(3421, 'policy'),
(3422, 'polish'),
(3423, 'polite'),
(3424, 'political'),
(3425, 'politics'),
(3426, 'pony'),
(3427, 'pool'),
(3428, 'poor'),
(3429, 'pop'),
(3430, 'popcorn'),
(3431, 'pops'),
(3432, 'popular'),
(3433, 'porch'),
(3434, 'port'),
(3435, 'porter'),
(3436, 'portrait'),
(3437, 'position'),
(3438, 'positive'),
(3439, 'possession'),
(3440, 'possibilities'),
(3441, 'possibility'),
(3442, 'possible'),
(3443, 'possibly'),
(3444, 'post'),
(3445, 'posted'),
(3446, 'pot'),
(3447, 'potato'),
(3448, 'potatoes'),
(3449, 'potential'),
(3450, 'potion'),
(3451, 'potter'),
(3452, 'pound'),
(3453, 'pounds'),
(3454, 'pour'),
(3455, 'powder'),
(3456, 'power'),
(3457, 'powerful'),
(3458, 'powers'),
(3459, 'practical'),
(3460, 'practically'),
(3461, 'practice'),
(3462, 'pray'),
(3463, 'prayer'),
(3464, 'prayers'),
(3465, 'praying'),
(3466, 'pre'),
(3467, 'precious'),
(3468, 'precisely'),
(3469, 'prefer'),
(3470, 'pregnancy'),
(3471, 'pregnant'),
(3472, 'premonition'),
(3473, 'prepare'),
(3474, 'prepared'),
(3475, 'presence'),
(3476, 'present'),
(3477, 'presents'),
(3478, 'president'),
(3479, 'president''s'),
(3480, 'press'),
(3481, 'pressure'),
(3482, 'pretend'),
(3483, 'pretended'),
(3484, 'pretending'),
(3485, 'pretty'),
(3486, 'prevent'),
(3487, 'price'),
(3488, 'pride'),
(3489, 'priest'),
(3490, 'prime'),
(3491, 'prince'),
(3492, 'princess'),
(3493, 'principal'),
(3494, 'print'),
(3495, 'prints'),
(3496, 'priority'),
(3497, 'prison'),
(3498, 'prisoner'),
(3499, 'prisoners'),
(3500, 'privacy'),
(3501, 'private'),
(3502, 'privilege'),
(3503, 'prize'),
(3504, 'pro'),
(3505, 'probable'),
(3506, 'probably'),
(3507, 'problem'),
(3508, 'problems'),
(3509, 'procedure'),
(3510, 'proceed'),
(3511, 'process'),
(3512, 'produce'),
(3513, 'producer'),
(3514, 'product'),
(3515, 'production'),
(3516, 'professional'),
(3517, 'professor'),
(3518, 'profile'),
(3519, 'profit'),
(3520, 'program'),
(3521, 'progress'),
(3522, 'project'),
(3523, 'prom'),
(3524, 'promise'),
(3525, 'promised'),
(3526, 'promises'),
(3527, 'proof'),
(3528, 'proper'),
(3529, 'properly'),
(3530, 'property'),
(3531, 'proposal'),
(3532, 'propose'),
(3533, 'proposed'),
(3534, 'prose'),
(3535, 'protect'),
(3536, 'protected'),
(3537, 'protecting'),
(3538, 'protection'),
(3539, 'protective'),
(3540, 'protest'),
(3541, 'proteus'),
(3542, 'proud'),
(3543, 'prove'),
(3544, 'proved'),
(3545, 'proven'),
(3546, 'proves'),
(3547, 'provide'),
(3548, 'prue'),
(3549, 'psychiatrist'),
(3550, 'psychic'),
(3551, 'psycho'),
(3552, 'public'),
(3553, 'publicity'),
(3554, 'pull'),
(3555, 'pulled'),
(3556, 'pulling'),
(3557, 'pulse'),
(3558, 'pump'),
(3559, 'pumpkin'),
(3560, 'punch'),
(3561, 'punish'),
(3562, 'punished'),
(3563, 'punishment'),
(3564, 'punk'),
(3565, 'puppy'),
(3566, 'pure'),
(3567, 'purple'),
(3568, 'purpose'),
(3569, 'purse'),
(3570, 'push'),
(3571, 'pushed'),
(3572, 'pushing'),
(3573, 'pussy'),
(3574, 'put'),
(3575, 'puts'),
(3576, 'putting'),
(3577, 'q'),
(3578, 'qualified'),
(3579, 'quality'),
(3580, 'quarter'),
(3581, 'quartermaine'),
(3582, 'quarters'),
(3583, 'queen'),
(3584, 'question'),
(3585, 'questioning'),
(3586, 'questions'),
(3587, 'quick'),
(3588, 'quickly'),
(3589, 'quiet'),
(3590, 'quinn'),
(3591, 'quit'),
(3592, 'quite'),
(3593, 'quote'),
(3594, 'r'),
(3595, 'rabbit'),
(3596, 'race'),
(3597, 'rach'),
(3598, 'rachel'),
(3599, 'radar'),
(3600, 'radio'),
(3601, 'rae'),
(3602, 'rafe'),
(3603, 'rage'),
(3604, 'rail'),
(3605, 'rain'),
(3606, 'raise'),
(3607, 'raised'),
(3608, 'raising'),
(3609, 'ralph'),
(3610, 'ramsey'),
(3611, 'ran'),
(3612, 'random'),
(3613, 'randy'),
(3614, 'range'),
(3615, 'rap'),
(3616, 'rape'),
(3617, 'raped'),
(3618, 'rappaport'),
(3619, 'rare'),
(3620, 'rat'),
(3621, 'rate'),
(3622, 'rather'),
(3623, 'rats'),
(3624, 'raul'),
(3625, 'raw'),
(3626, 'ray'),
(3627, 're'),
(3628, 'reach'),
(3629, 'reached'),
(3630, 'reaching'),
(3631, 'react'),
(3632, 'reaction'),
(3633, 'read'),
(3634, 'reading'),
(3635, 'ready'),
(3636, 'real'),
(3637, 'reality'),
(3638, 'realize'),
(3639, 'realized'),
(3640, 'really'),
(3641, 'realm'),
(3642, 'reason'),
(3643, 'reasonable'),
(3644, 'reasons'),
(3645, 'rebecca'),
(3646, 'recall'),
(3647, 'receipt'),
(3648, 'receive'),
(3649, 'received'),
(3650, 'recent'),
(3651, 'recently'),
(3652, 'reception'),
(3653, 'recognize'),
(3654, 'recognized'),
(3655, 'recommend'),
(3656, 'record'),
(3657, 'records'),
(3658, 'recover'),
(3659, 'recovery'),
(3660, 'red'),
(3661, 'reese'),
(3662, 'referring'),
(3663, 'refuse'),
(3664, 'refused'),
(3665, 'regarding'),
(3666, 'reggie'),
(3667, 'regret'),
(3668, 'regrets'),
(3669, 'regular'),
(3670, 'rehab'),
(3671, 'rehearsal'),
(3672, 'related'),
(3673, 'relation'),
(3674, 'relationship'),
(3675, 'relationships'),
(3676, 'relax'),
(3677, 'release'),
(3678, 'released'),
(3679, 'relief'),
(3680, 'relieved'),
(3681, 'religion'),
(3682, 'religious'),
(3683, 'remain'),
(3684, 'remains'),
(3685, 'remarkable'),
(3686, 'remember'),
(3687, 'remembered'),
(3688, 'remembering'),
(3689, 'remembers'),
(3690, 'remind'),
(3691, 'reminded'),
(3692, 'reminds'),
(3693, 'remote'),
(3694, 'remove'),
(3695, 'removed'),
(3696, 'renee'),
(3697, 'rent'),
(3698, 'rented'),
(3699, 'repeat'),
(3700, 'replace'),
(3701, 'report'),
(3702, 'reporter'),
(3703, 'reports'),
(3704, 'represent'),
(3705, 'representative'),
(3706, 'reputation'),
(3707, 'request'),
(3708, 'require'),
(3709, 'required'),
(3710, 'rescue'),
(3711, 'research'),
(3712, 'reservation'),
(3713, 'reservations'),
(3714, 'resist'),
(3715, 'resources'),
(3716, 'respect'),
(3717, 'respond'),
(3718, 'response'),
(3719, 'responsibility'),
(3720, 'responsible'),
(3721, 'rest'),
(3722, 'restaurant'),
(3723, 'restraining'),
(3724, 'result'),
(3725, 'results'),
(3726, 'return'),
(3727, 'returned'),
(3728, 'returning'),
(3729, 'reunion'),
(3730, 'reva'),
(3731, 'reveal'),
(3732, 'revenge'),
(3733, 'reverend'),
(3734, 'reverse'),
(3735, 'review'),
(3736, 'reward'),
(3737, 'rex'),
(3738, 'reynolds'),
(3739, 'rhythm'),
(3740, 'rianna'),
(3741, 'ric'),
(3742, 'rice'),
(3743, 'rich'),
(3744, 'Richard'),
(3745, 'richard''s'),
(3746, 'Rick'),
(3747, 'ricky'),
(3748, 'rico'),
(3749, 'rid'),
(3750, 'ride'),
(3751, 'ridge'),
(3752, 'ridiculous'),
(3753, 'riding'),
(3754, 'right'),
(3755, 'rights'),
(3756, 'riley'),
(3757, 'ring'),
(3758, 'ringing'),
(3759, 'rings'),
(3760, 'riot'),
(3761, 'rip'),
(3762, 'ripped'),
(3763, 'rise'),
(3764, 'risk'),
(3765, 'risks'),
(3766, 'risky'),
(3767, 'river'),
(3768, 'road'),
(3769, 'roast'),
(3770, 'rob'),
(3771, 'robbed'),
(3772, 'robbery'),
(3773, 'robbie'),
(3774, 'robert'),
(3775, 'robin'),
(3776, 'rock'),
(3777, 'rocks'),
(3778, 'rod'),
(3779, 'roger'),
(3780, 'role'),
(3781, 'roll'),
(3782, 'rolling'),
(3783, 'roman'),
(3784, 'romance'),
(3785, 'romantic'),
(3786, 'rome'),
(3787, 'romeo'),
(3788, 'roof'),
(3789, 'room'),
(3790, 'roommate'),
(3791, 'rooms'),
(3792, 'root'),
(3793, 'rope'),
(3794, 'rory'),
(3795, 'rosanna'),
(3796, 'Rose'),
(3797, 'roses'),
(3798, 'rosie'),
(3799, 'Ross'),
(3800, 'rotten'),
(3801, 'rough'),
(3802, 'round'),
(3803, 'rounds'),
(3804, 'route'),
(3805, 'routine'),
(3806, 'row'),
(3807, 'roxanne'),
(3808, 'roxy'),
(3809, 'roy'),
(3810, 'royal'),
(3811, 'roz'),
(3812, 'rub'),
(3813, 'rubber'),
(3814, 'rude'),
(3815, 'rug'),
(3816, 'ruin'),
(3817, 'ruined'),
(3818, 'ruining'),
(3819, 'rule'),
(3820, 'rules'),
(3821, 'rumor'),
(3822, 'run'),
(3823, 'running'),
(3824, 'runs'),
(3825, 'rush'),
(3826, 'russell'),
(3827, 'russian'),
(3828, 'Ryan'),
(3829, 's'),
(3830, 'sabrina'),
(3831, 'sack'),
(3832, 'sacred'),
(3833, 'sacrifice'),
(3834, 'sad'),
(3835, 'safe'),
(3836, 'safely'),
(3837, 'safer'),
(3838, 'safety'),
(3839, 'said'),
(3840, 'sail'),
(3841, 'saint'),
(3842, 'sake'),
(3843, 'sakes'),
(3844, 'sal'),
(3845, 'salad'),
(3846, 'sale'),
(3847, 'salem'),
(3848, 'sales'),
(3849, 'salesman'),
(3850, 'sally'),
(3851, 'salt'),
(3852, 'sam'),
(3853, 'sam''s'),
(3854, 'samantha'),
(3855, 'same'),
(3856, 'sami'),
(3857, 'sample'),
(3858, 'samples'),
(3859, 'san'),
(3860, 'sand'),
(3861, 'sandburg'),
(3862, 'sandwich'),
(3863, 'sandwiches'),
(3864, 'sandy'),
(3865, 'santa'),
(3866, 'santos'),
(3867, 'sara'),
(3868, 'sarah'),
(3869, 'sat'),
(3870, 'satellite'),
(3871, 'satisfied'),
(3872, 'saturday'),
(3873, 'sauce'),
(3874, 'save'),
(3875, 'saved'),
(3876, 'saving'),
(3877, 'saw'),
(3878, 'say'),
(3879, 'saying'),
(3880, 'says'),
(3881, 'scale'),
(3882, 'scam'),
(3883, 'scar'),
(3884, 'scare'),
(3885, 'scared'),
(3886, 'scares'),
(3887, 'scarf'),
(3888, 'scaring'),
(3889, 'scary'),
(3890, 'scenario'),
(3891, 'scene'),
(3892, 'schedule'),
(3893, 'scheduled'),
(3894, 'scheme'),
(3895, 'school'),
(3896, 'schools'),
(3897, 'science'),
(3898, 'scissors'),
(3899, 'score'),
(3900, 'scotch'),
(3901, 'scott'),
(3902, 'scotty'),
(3903, 'scout'),
(3904, 'scratch'),
(3905, 'scream'),
(3906, 'screaming'),
(3907, 'screen'),
(3908, 'screw'),
(3909, 'screwed'),
(3910, 'screwing'),
(3911, 'script'),
(3912, 'scudder'),
(3913, 'scum'),
(3914, 'sd'),
(3915, 'sea'),
(3916, 'seal'),
(3917, 'sealed'),
(3918, 'sean'),
(3919, 'search'),
(3920, 'searching'),
(3921, 'season'),
(3922, 'seat'),
(3923, 'seats'),
(3924, 'seattle'),
(3925, 'sec'),
(3926, 'second'),
(3927, 'seconds'),
(3928, 'secret'),
(3929, 'secretary'),
(3930, 'secrets'),
(3931, 'section'),
(3932, 'secure'),
(3933, 'security'),
(3934, 'seduce'),
(3935, 'see'),
(3936, 'seed'),
(3937, 'seeing'),
(3938, 'seek'),
(3939, 'seem'),
(3940, 'seemed'),
(3941, 'seems'),
(3942, 'seen'),
(3943, 'sees'),
(3944, 'selection'),
(3945, 'self'),
(3946, 'selfish'),
(3947, 'sell'),
(3948, 'selling'),
(3949, 'semester'),
(3950, 'senator'),
(3951, 'send'),
(3952, 'sending'),
(3953, 'sends'),
(3954, 'senior'),
(3955, 'sense'),
(3956, 'senses'),
(3957, 'sensitive'),
(3958, 'sent'),
(3959, 'sentence'),
(3960, 'separate'),
(3961, 'separated'),
(3962, 'sergeant'),
(3963, 'serial'),
(3964, 'series'),
(3965, 'serious'),
(3966, 'seriously'),
(3967, 'servant'),
(3968, 'serve'),
(3969, 'served'),
(3970, 'service'),
(3971, 'services'),
(3972, 'serving'),
(3973, 'session'),
(3974, 'set'),
(3975, 'seth'),
(3976, 'sets'),
(3977, 'setting'),
(3978, 'settle'),
(3979, 'settled'),
(3980, 'setup'),
(3981, 'seven'),
(3982, 'seventeen'),
(3983, 'seventh'),
(3984, 'seventy'),
(3985, 'several'),
(3986, 'sex'),
(3987, 'sexual'),
(3988, 'sexy'),
(3989, 'shade'),
(3990, 'shadow'),
(3991, 'shadows'),
(3992, 'shake'),
(3993, 'shaking'),
(3994, 'shall'),
(3995, 'shame'),
(3996, 'shan''t'),
(3997, 'shape'),
(3998, 'share'),
(3999, 'shared'),
(4000, 'sharing'),
(4001, 'shark'),
(4002, 'sharon'),
(4003, 'sharp'),
(4004, 'shave'),
(4005, 'Shawn'),
(4006, 'shayne'),
(4007, 'she'),
(4008, 'she''d'),
(4009, 'she''ll'),
(4010, 'she''s'),
(4011, 'shed'),
(4012, 'sheep'),
(4013, 'sheet'),
(4014, 'sheets'),
(4015, 'sheila'),
(4016, 'shelf'),
(4017, 'shelter'),
(4018, 'Sheridan'),
(4019, 'sheridan''s'),
(4020, 'sheriff'),
(4021, 'sherry'),
(4022, 'shh'),
(4023, 'shhh'),
(4024, 'shift'),
(4025, 'shine'),
(4026, 'ship'),
(4027, 'shirt'),
(4028, 'shirts'),
(4029, 'shit'),
(4030, 'shock'),
(4031, 'shocked'),
(4032, 'shoe'),
(4033, 'shoes'),
(4034, 'shoot'),
(4035, 'shooting'),
(4036, 'shop'),
(4037, 'shopping'),
(4038, 'short'),
(4039, 'shortly'),
(4040, 'shot'),
(4041, 'shots'),
(4042, 'should'),
(4043, 'should''ve'),
(4044, 'shoulder'),
(4045, 'shoulders'),
(4046, 'shouldn''t'),
(4047, 'shove'),
(4048, 'show'),
(4049, 'showed'),
(4050, 'shower'),
(4051, 'showing'),
(4052, 'shown'),
(4053, 'shows'),
(4054, 'shrink'),
(4055, 'shut'),
(4056, 'shy'),
(4057, 'si'),
(4058, 'sick'),
(4059, 'sickness'),
(4060, 'sid'),
(4061, 'side'),
(4062, 'sides'),
(4063, 'sidney'),
(4064, 'sierra'),
(4065, 'sight'),
(4066, 'sign'),
(4067, 'signal'),
(4068, 'signature'),
(4069, 'signed'),
(4070, 'signing'),
(4071, 'signs'),
(4072, 'silence'),
(4073, 'silent'),
(4074, 'silk'),
(4075, 'silly'),
(4076, 'silver'),
(4077, 'similar'),
(4078, 'simon'),
(4079, 'simone'),
(4080, 'simple'),
(4081, 'simply'),
(4082, 'simpson'),
(4083, 'sin'),
(4084, 'since'),
(4085, 'sing'),
(4086, 'singer'),
(4087, 'singing'),
(4088, 'single'),
(4089, 'sink'),
(4090, 'sir'),
(4091, 'sis'),
(4092, 'sister'),
(4093, 'sister''s'),
(4094, 'sisters'),
(4095, 'sit'),
(4096, 'site'),
(4097, 'sits'),
(4098, 'sitting'),
(4099, 'situation'),
(4100, 'situations'),
(4101, 'six'),
(4102, 'sixteen'),
(4103, 'sixth'),
(4104, 'sixty'),
(4105, 'size'),
(4106, 'skills'),
(4107, 'skin'),
(4108, 'skinny'),
(4109, 'skip'),
(4110, 'skirt'),
(4111, 'skull'),
(4112, 'sky'),
(4113, 'skye'),
(4114, 'slack'),
(4115, 'slap'),
(4116, 'slave'),
(4117, 'slayer'),
(4118, 'sleep'),
(4119, 'sleeping'),
(4120, 'slept'),
(4121, 'slide'),
(4122, 'slightly'),
(4123, 'slip'),
(4124, 'slipped'),
(4125, 'sloane'),
(4126, 'slope'),
(4127, 'slow'),
(4128, 'slowly'),
(4129, 'slut'),
(4130, 'small'),
(4131, 'smaller'),
(4132, 'smart'),
(4133, 'smarter'),
(4134, 'smash'),
(4135, 'smell'),
(4136, 'smells'),
(4137, 'smile'),
(4138, 'smiling'),
(4139, 'smith'),
(4140, 'smoke'),
(4141, 'smoking'),
(4142, 'smooth'),
(4143, 'snake'),
(4144, 'snap'),
(4145, 'sneak'),
(4146, 'sneaking'),
(4147, 'sneeze'),
(4148, 'snow'),
(4149, 'snyder'),
(4150, 'so'),
(4151, 'soap'),
(4152, 'sob'),
(4153, 'social'),
(4154, 'society'),
(4155, 'sock'),
(4156, 'socks'),
(4157, 'soda'),
(4158, 'soft'),
(4159, 'sold'),
(4160, 'soldier'),
(4161, 'soldiers'),
(4162, 'solid'),
(4163, 'solution'),
(4164, 'solve'),
(4165, 'solved'),
(4166, 'some'),
(4167, 'somebody'),
(4168, 'somebody''s'),
(4169, 'someday'),
(4170, 'somehow'),
(4171, 'someone'),
(4172, 'someone''s'),
(4173, 'someplace'),
(4174, 'somethin'),
(4175, 'something'),
(4176, 'something''s'),
(4177, 'sometime'),
(4178, 'sometimes'),
(4179, 'somewhere'),
(4180, 'son'),
(4181, 'son''s'),
(4182, 'song'),
(4183, 'songs'),
(4184, 'sonny'),
(4185, 'sonny''s'),
(4186, 'sons'),
(4187, 'sookie'),
(4188, 'soon'),
(4189, 'sooner'),
(4190, 'sore'),
(4191, 'sorel'),
(4192, 'sorry'),
(4193, 'sort'),
(4194, 'sorts'),
(4195, 'soul'),
(4196, 'souls'),
(4197, 'sound'),
(4198, 'sounded'),
(4199, 'sounds'),
(4200, 'soup'),
(4201, 'source'),
(4202, 'south'),
(4203, 'spa'),
(4204, 'space'),
(4205, 'spade'),
(4206, 'spanish'),
(4207, 'spare'),
(4208, 'spaulding'),
(4209, 'speak'),
(4210, 'speaking'),
(4211, 'speaks'),
(4212, 'special'),
(4213, 'specific'),
(4214, 'specifically'),
(4215, 'speech'),
(4216, 'speed'),
(4217, 'spell'),
(4218, 'spellman'),
(4219, 'spells'),
(4220, 'spencer'),
(4221, 'spend'),
(4222, 'spending'),
(4223, 'spent'),
(4224, 'spider'),
(4225, 'spike'),
(4226, 'spill'),
(4227, 'spin'),
(4228, 'spirit'),
(4229, 'spirits'),
(4230, 'spit'),
(4231, 'spite'),
(4232, 'split'),
(4233, 'spoil'),
(4234, 'spoiled'),
(4235, 'spoke'),
(4236, 'spoken'),
(4237, 'sponge'),
(4238, 'spoon'),
(4239, 'sport'),
(4240, 'sports'),
(4241, 'spot'),
(4242, 'spotted'),
(4243, 'spread'),
(4244, 'spring'),
(4245, 'springfield'),
(4246, 'spy'),
(4247, 'spying'),
(4248, 'squad'),
(4249, 'square'),
(4250, 'squeeze'),
(4251, 'st'),
(4252, 'stab'),
(4253, 'stabbed'),
(4254, 'stable'),
(4255, 'staff'),
(4256, 'stage'),
(4257, 'stairs'),
(4258, 'stake'),
(4259, 'stalker'),
(4260, 'stalking'),
(4261, 'stamp'),
(4262, 'stan'),
(4263, 'stand'),
(4264, 'standard'),
(4265, 'standards'),
(4266, 'standing'),
(4267, 'stands'),
(4268, 'stanley'),
(4269, 'star'),
(4270, 'stare'),
(4271, 'staring'),
(4272, 'starr'),
(4273, 'stars'),
(4274, 'start'),
(4275, 'started'),
(4276, 'starting'),
(4277, 'starts'),
(4278, 'starving'),
(4279, 'state'),
(4280, 'statement'),
(4281, 'states'),
(4282, 'station'),
(4283, 'statue'),
(4284, 'status'),
(4285, 'stavros'),
(4286, 'stay'),
(4287, 'stayed'),
(4288, 'staying'),
(4289, 'stays'),
(4290, 'steady'),
(4291, 'steak'),
(4292, 'steal'),
(4293, 'stealing'),
(4294, 'steam'),
(4295, 'steel'),
(4296, 'stefan'),
(4297, 'stefano'),
(4298, 'stem'),
(4299, 'stenbeck'),
(4300, 'step'),
(4301, 'stephanie'),
(4302, 'stephen'),
(4303, 'stepped'),
(4304, 'steps'),
(4305, 'steve'),
(4306, 'steven'),
(4307, 'stewart'),
(4308, 'stick'),
(4309, 'sticking'),
(4310, 'sticks'),
(4311, 'sticky'),
(4312, 'stiff'),
(4313, 'still'),
(4314, 'stink'),
(4315, 'stinks'),
(4316, 'stitch'),
(4317, 'stock'),
(4318, 'stocking'),
(4319, 'stole'),
(4320, 'stolen'),
(4321, 'stomach'),
(4322, 'stone'),
(4323, 'stones'),
(4324, 'stood'),
(4325, 'stop'),
(4326, 'stopped'),
(4327, 'stopping'),
(4328, 'stops'),
(4329, 'storage'),
(4330, 'store'),
(4331, 'stores'),
(4332, 'stories'),
(4333, 'storm'),
(4334, 'story'),
(4335, 'straight'),
(4336, 'straighten'),
(4337, 'strange'),
(4338, 'stranger'),
(4339, 'strangers'),
(4340, 'strategy'),
(4341, 'street'),
(4342, 'streets'),
(4343, 'strength'),
(4344, 'stress'),
(4345, 'stretch'),
(4346, 'strictly'),
(4347, 'strike'),
(4348, 'strikes'),
(4349, 'string'),
(4350, 'strings'),
(4351, 'strip'),
(4352, 'stroke'),
(4353, 'strong'),
(4354, 'stronger'),
(4355, 'strongly'),
(4356, 'struck'),
(4357, 'structure'),
(4358, 'struggle'),
(4359, 'stuart'),
(4360, 'stubborn'),
(4361, 'stuck'),
(4362, 'student'),
(4363, 'students'),
(4364, 'studio'),
(4365, 'study'),
(4366, 'studying'),
(4367, 'stuff'),
(4368, 'stuffed'),
(4369, 'stunt'),
(4370, 'stupid'),
(4371, 'style'),
(4372, 'sub'),
(4373, 'subject'),
(4374, 'substance'),
(4375, 'subtle'),
(4376, 'success'),
(4377, 'successful'),
(4378, 'such'),
(4379, 'suck'),
(4380, 'sucked'),
(4381, 'sucker'),
(4382, 'sucking'),
(4383, 'sucks'),
(4384, 'sudden'),
(4385, 'suddenly'),
(4386, 'sue'),
(4387, 'suffer'),
(4388, 'suffered'),
(4389, 'suffering'),
(4390, 'sugar'),
(4391, 'suggest'),
(4392, 'suggested'),
(4393, 'suggesting'),
(4394, 'suggestion'),
(4395, 'suicide'),
(4396, 'suit'),
(4397, 'suite'),
(4398, 'suits'),
(4399, 'summer'),
(4400, 'sun'),
(4401, 'sunday'),
(4402, 'sunset'),
(4403, 'sunshine'),
(4404, 'super'),
(4405, 'superior'),
(4406, 'supplies'),
(4407, 'supply'),
(4408, 'support'),
(4409, 'supportive'),
(4410, 'suppose'),
(4411, 'supposed'),
(4412, 'supposedly'),
(4413, 'sure'),
(4414, 'surely'),
(4415, 'surface'),
(4416, 'surgeon'),
(4417, 'surgery'),
(4418, 'surprise'),
(4419, 'surprised'),
(4420, 'surprises'),
(4421, 'surrender'),
(4422, 'surrounded'),
(4423, 'surveillance'),
(4424, 'survival'),
(4425, 'survive'),
(4426, 'survived'),
(4427, 'susan'),
(4428, 'suspect'),
(4429, 'suspected'),
(4430, 'suspects'),
(4431, 'suspicious'),
(4432, 'swallow'),
(4433, 'swear'),
(4434, 'sweat'),
(4435, 'sweater'),
(4436, 'sweep'),
(4437, 'sweet'),
(4438, 'sweetheart'),
(4439, 'sweetie'),
(4440, 'swell'),
(4441, 'swim'),
(4442, 'swimming'),
(4443, 'swing'),
(4444, 'switch'),
(4445, 'switched'),
(4446, 'sword'),
(4447, 'swore'),
(4448, 'sworn'),
(4449, 'sydney'),
(4450, 'symbol'),
(4451, 'sympathy'),
(4452, 'symptoms'),
(4453, 'system'),
(4454, 'systems'),
(4455, 't'),
(4456, 'ta'),
(4457, 'tabby'),
(4458, 'tabitha'),
(4459, 'table'),
(4460, 'tables'),
(4461, 'tad'),
(4462, 'tag'),
(4463, 'taggert'),
(4464, 'tail'),
(4465, 'take'),
(4466, 'taken'),
(4467, 'takes'),
(4468, 'taking'),
(4469, 'tale'),
(4470, 'talent'),
(4471, 'talented'),
(4472, 'talk'),
(4473, 'talked'),
(4474, 'talkin'),
(4475, 'talking'),
(4476, 'talks'),
(4477, 'tall'),
(4478, 'tammy'),
(4479, 'tank'),
(4480, 'tap'),
(4481, 'tape'),
(4482, 'tapes'),
(4483, 'target'),
(4484, 'taste'),
(4485, 'tastes'),
(4486, 'tattoo'),
(4487, 'taught'),
(4488, 'tax'),
(4489, 'taxi'),
(4490, 'taylor'),
(4491, 'tea'),
(4492, 'teach'),
(4493, 'teacher'),
(4494, 'teachers'),
(4495, 'teaching'),
(4496, 'teal''c'),
(4497, 'team'),
(4498, 'tear'),
(4499, 'tearing'),
(4500, 'tears'),
(4501, 'tech'),
(4502, 'technically'),
(4503, 'technology'),
(4504, 'ted'),
(4505, 'teddy'),
(4506, 'teenage'),
(4507, 'teenager'),
(4508, 'teeth'),
(4509, 'telephone'),
(4510, 'television'),
(4511, 'tell'),
(4512, 'telling'),
(4513, 'tells'),
(4514, 'temper'),
(4515, 'temperature'),
(4516, 'temporary'),
(4517, 'ten'),
(4518, 'tend'),
(4519, 'tendency'),
(4520, 'tennis'),
(4521, 'tense'),
(4522, 'tension'),
(4523, 'tent'),
(4524, 'term'),
(4525, 'terms'),
(4526, 'terrible'),
(4527, 'terribly'),
(4528, 'terrific'),
(4529, 'terrified'),
(4530, 'territory'),
(4531, 'tess'),
(4532, 'test'),
(4533, 'tested'),
(4534, 'testify'),
(4535, 'testimony'),
(4536, 'testing'),
(4537, 'tests'),
(4538, 'texas'),
(4539, 'th'),
(4540, 'than'),
(4541, 'thank'),
(4542, 'thanks'),
(4543, 'thanksgiving'),
(4544, 'that'),
(4545, 'that''d'),
(4546, 'that''ll'),
(4547, 'that''s'),
(4548, 'the'),
(4549, 'theater'),
(4550, 'thee'),
(4551, 'their'),
(4552, 'them'),
(4553, 'theme'),
(4554, 'themselves'),
(4555, 'then'),
(4556, 'theory'),
(4557, 'therapist'),
(4558, 'therapy'),
(4559, 'There'),
(4560, 'there'),
(4561, 'there''ll'),
(4562, 'there''s'),
(4563, 'therefore'),
(4564, 'Theresa'),
(4565, 'theresa''s'),
(4566, 'these'),
(4567, 'they'),
(4568, 'they''d'),
(4569, 'they''ll'),
(4570, 'they''re'),
(4571, 'they''ve'),
(4572, 'thick'),
(4573, 'thief'),
(4574, 'thin'),
(4575, 'thing'),
(4576, 'thing''s'),
(4577, 'things'),
(4578, 'think'),
(4579, 'thinkin'),
(4580, 'thinking'),
(4581, 'thinks'),
(4582, 'third'),
(4583, 'thirsty'),
(4584, 'thirteen'),
(4585, 'thirty'),
(4586, 'this'),
(4587, 'this''ll'),
(4588, 'thomas'),
(4589, 'thorne'),
(4590, 'those'),
(4591, 'thou'),
(4592, 'though'),
(4593, 'thought'),
(4594, 'thoughtful'),
(4595, 'thoughts'),
(4596, 'thousand'),
(4597, 'thousands'),
(4598, 'thread'),
(4599, 'threat'),
(4600, 'threaten'),
(4601, 'threatened'),
(4602, 'threatening'),
(4603, 'threats'),
(4604, 'three'),
(4605, 'threw'),
(4606, 'thrilled'),
(4607, 'throat'),
(4608, 'through'),
(4609, 'throw'),
(4610, 'throwing'),
(4611, 'thrown'),
(4612, 'thumb'),
(4613, 'thunder'),
(4614, 'thursday'),
(4615, 'thy'),
(4616, 'ticket'),
(4617, 'tickets'),
(4618, 'tie'),
(4619, 'tied'),
(4620, 'tiger'),
(4621, 'tight'),
(4622, 'til'),
(4623, 'till'),
(4624, 'tim'),
(4625, 'time'),
(4626, 'time''s'),
(4627, 'times'),
(4628, 'timing'),
(4629, 'Timmy'),
(4630, 'timmy''s'),
(4631, 'tin'),
(4632, 'tina'),
(4633, 'tiny'),
(4634, 'tip'),
(4635, 'tips'),
(4636, 'tire'),
(4637, 'tired'),
(4638, 'tis'),
(4639, 'title'),
(4640, 'to'),
(4641, 'toast'),
(4642, 'toby'),
(4643, 'today'),
(4644, 'today''s'),
(4645, 'Todd'),
(4646, 'toe'),
(4647, 'toes'),
(4648, 'together'),
(4649, 'toilet'),
(4650, 'told'),
(4651, 'tom'),
(4652, 'tommy'),
(4653, 'tomorrow'),
(4654, 'ton'),
(4655, 'tone'),
(4656, 'tongue'),
(4657, 'tonight'),
(4658, 'tonight''s'),
(4659, 'tons'),
(4660, 'tony'),
(4661, 'tony''s'),
(4662, 'too'),
(4663, 'took'),
(4664, 'tool'),
(4665, 'tools'),
(4666, 'tooth'),
(4667, 'top'),
(4668, 'topic'),
(4669, 'tore'),
(4670, 'torn'),
(4671, 'torture'),
(4672, 'tory'),
(4673, 'toss'),
(4674, 'total'),
(4675, 'totally'),
(4676, 'touch'),
(4677, 'touched'),
(4678, 'touching'),
(4679, 'tough'),
(4680, 'tour'),
(4681, 'toward'),
(4682, 'towards'),
(4683, 'towel'),
(4684, 'towels'),
(4685, 'tower'),
(4686, 'town'),
(4687, 'toy'),
(4688, 'toys'),
(4689, 'trace'),
(4690, 'traci'),
(4691, 'track'),
(4692, 'tracking'),
(4693, 'tracks'),
(4694, 'trade'),
(4695, 'tradition'),
(4696, 'traditional'),
(4697, 'traffic'),
(4698, 'tragedy'),
(4699, 'tragic'),
(4700, 'trail'),
(4701, 'train'),
(4702, 'trained'),
(4703, 'training'),
(4704, 'tramp'),
(4705, 'transfer'),
(4706, 'transferred'),
(4707, 'transplant'),
(4708, 'transport'),
(4709, 'trap'),
(4710, 'trapped'),
(4711, 'trash'),
(4712, 'trauma'),
(4713, 'travel'),
(4714, 'traveling'),
(4715, 'travers'),
(4716, 'tray'),
(4717, 'treasure'),
(4718, 'treat'),
(4719, 'treated'),
(4720, 'treating'),
(4721, 'treatment'),
(4722, 'tree'),
(4723, 'trees'),
(4724, 'trey'),
(4725, 'trial'),
(4726, 'tricia'),
(4727, 'trick'),
(4728, 'tricked'),
(4729, 'tricks'),
(4730, 'tried'),
(4731, 'tries'),
(4732, 'trigger'),
(4733, 'trip'),
(4734, 'trouble'),
(4735, 'troubles'),
(4736, 'trousers'),
(4737, 'troy'),
(4738, 'truck'),
(4739, 'true'),
(4740, 'truly'),
(4741, 'trunk'),
(4742, 'trust'),
(4743, 'trusted'),
(4744, 'trusting'),
(4745, 'truth'),
(4746, 'try'),
(4747, 'tryin'),
(4748, 'trying'),
(4749, 'tub'),
(4750, 'tuesday'),
(4751, 'tune'),
(4752, 'tunnel'),
(4753, 'turkey'),
(4754, 'turn'),
(4755, 'turned'),
(4756, 'turning'),
(4757, 'turns'),
(4758, 'tv'),
(4759, 'twas'),
(4760, 'twelve'),
(4761, 'twenty'),
(4762, 'twice'),
(4763, 'twin'),
(4764, 'twins'),
(4765, 'twist'),
(4766, 'twisted'),
(4767, 'two'),
(4768, 'tyler'),
(4769, 'type'),
(4770, 'types'),
(4771, 'typical'),
(4772, 'u'),
(4773, 'ugh'),
(4774, 'ugly'),
(4775, 'uh'),
(4776, 'uhh'),
(4777, 'uhm'),
(4778, 'ultimate'),
(4779, 'um'),
(4780, 'umbrella'),
(4781, 'umm'),
(4782, 'un'),
(4783, 'unbelievable'),
(4784, 'uncle'),
(4785, 'uncomfortable'),
(4786, 'unconscious'),
(4787, 'under'),
(4788, 'undercover'),
(4789, 'underground'),
(4790, 'underneath'),
(4791, 'understand'),
(4792, 'understanding'),
(4793, 'understands'),
(4794, 'understood'),
(4795, 'underwear'),
(4796, 'unexpected'),
(4797, 'unfair'),
(4798, 'unfortunate'),
(4799, 'unfortunately'),
(4800, 'unhappy'),
(4801, 'uniform'),
(4802, 'union'),
(4803, 'unique'),
(4804, 'unit'),
(4805, 'united'),
(4806, 'units'),
(4807, 'universe'),
(4808, 'university'),
(4809, 'unknown'),
(4810, 'unless'),
(4811, 'unlike'),
(4812, 'until'),
(4813, 'unusual'),
(4814, 'up'),
(4815, 'upon'),
(4816, 'upper'),
(4817, 'ups'),
(4818, 'upset'),
(4819, 'upsetting'),
(4820, 'upside'),
(4821, 'upstairs'),
(4822, 'urgent'),
(4823, 'us'),
(4824, 'use'),
(4825, 'used'),
(4826, 'useful'),
(4827, 'useless'),
(4828, 'uses'),
(4829, 'using'),
(4830, 'usual'),
(4831, 'usually'),
(4832, 'v'),
(4833, 'vacation'),
(4834, 'val'),
(4835, 'valentine''s'),
(4836, 'valerie'),
(4837, 'valley'),
(4838, 'valuable'),
(4839, 'value'),
(4840, 'values'),
(4841, 'vampire'),
(4842, 'vampires'),
(4843, 'van'),
(4844, 'vanessa'),
(4845, 'vanessa''s'),
(4846, 'vanquish'),
(4847, 'vault'),
(4848, 'vecchio'),
(4849, 'vega'),
(4850, 'vegas'),
(4851, 'vehicle'),
(4852, 'verse'),
(4853, 'version'),
(4854, 'very'),
(4855, 'vessel'),
(4856, 'vice'),
(4857, 'vicious'),
(4858, 'victim'),
(4859, 'victims'),
(4860, 'victor'),
(4861, 'victoria'),
(4862, 'victory'),
(4863, 'video'),
(4864, 'videotape'),
(4865, 'view'),
(4866, 'viki'),
(4867, 'village'),
(4868, 'vince'),
(4869, 'violence'),
(4870, 'violent'),
(4871, 'virgin'),
(4872, 'virus'),
(4873, 'vision'),
(4874, 'visit'),
(4875, 'visiting'),
(4876, 'visitors'),
(4877, 'vodka'),
(4878, 'voice'),
(4879, 'voices'),
(4880, 'volunteer'),
(4881, 'vote'),
(4882, 'votes'),
(4883, 'vows'),
(4884, 'vulnerable'),
(4885, 'w'),
(4886, 'wait'),
(4887, 'waited'),
(4888, 'waiter'),
(4889, 'waiting'),
(4890, 'waitress'),
(4891, 'wake'),
(4892, 'wakes'),
(4893, 'waking'),
(4894, 'walk'),
(4895, 'walked'),
(4896, 'walker'),
(4897, 'walking'),
(4898, 'walks'),
(4899, 'wall'),
(4900, 'wallace'),
(4901, 'wallet'),
(4902, 'walls'),
(4903, 'walsh'),
(4904, 'walter'),
(4905, 'wanna'),
(4906, 'want'),
(4907, 'wanted'),
(4908, 'wanting'),
(4909, 'wants'),
(4910, 'war'),
(4911, 'ward'),
(4912, 'warehouse'),
(4913, 'warlock'),
(4914, 'warm'),
(4915, 'warn'),
(4916, 'warned'),
(4917, 'warning'),
(4918, 'warrant'),
(4919, 'warren'),
(4920, 'warton'),
(4921, 'was'),
(4922, 'wash'),
(4923, 'washed'),
(4924, 'washington'),
(4925, 'wasn''t'),
(4926, 'waste'),
(4927, 'wasted'),
(4928, 'wasting'),
(4929, 'watch'),
(4930, 'watched'),
(4931, 'watching'),
(4932, 'water'),
(4933, 'wave'),
(4934, 'wax'),
(4935, 'way'),
(4936, 'wayne'),
(4937, 'ways'),
(4938, 'we'),
(4939, 'we''d'),
(4940, 'we''ll'),
(4941, 'we''re'),
(4942, 'we''ve'),
(4943, 'weak'),
(4944, 'weapon'),
(4945, 'weapons'),
(4946, 'wear'),
(4947, 'wearing'),
(4948, 'wears'),
(4949, 'weather'),
(4950, 'web'),
(4951, 'wedding'),
(4952, 'wednesday'),
(4953, 'week'),
(4954, 'weekend'),
(4955, 'weeks'),
(4956, 'weight'),
(4957, 'weird'),
(4958, 'welcome'),
(4959, 'well'),
(4960, 'wendy'),
(4961, 'went'),
(4962, 'were'),
(4963, 'weren''t'),
(4964, 'wes'),
(4965, 'wesley'),
(4966, 'west'),
(4967, 'weston'),
(4968, 'wet'),
(4969, 'wh'),
(4970, 'wha'),
(4971, 'what'),
(4972, 'what''d'),
(4973, 'what''re'),
(4974, 'what''s'),
(4975, 'whatever'),
(4976, 'whatever''s'),
(4977, 'whatsoever'),
(4978, 'wheel'),
(4979, 'wheelchair'),
(4980, 'wheels'),
(4981, 'when'),
(4982, 'when''d'),
(4983, 'when''ll'),
(4984, 'when''s'),
(4985, 'whenever'),
(4986, 'where'),
(4987, 'where''d'),
(4988, 'where''ll'),
(4989, 'where''s'),
(4990, 'wherever'),
(4991, 'whether'),
(4992, 'whew'),
(4993, 'which'),
(4994, 'while'),
(4995, 'whip'),
(4996, 'whistle'),
(4997, 'white'),
(4998, 'whitney'),
(4999, 'who'),
(5000, 'who''d'),
(5001, 'who''ll'),
(5002, 'who''s'),
(5003, 'whoa'),
(5004, 'whoever'),
(5005, 'whole'),
(5006, 'whom'),
(5007, 'whoo'),
(5008, 'whore'),
(5009, 'whose'),
(5010, 'why'),
(5011, 'why''d'),
(5012, 'why''ll'),
(5013, 'why''s'),
(5014, 'wicked'),
(5015, 'wide'),
(5016, 'wife'),
(5017, 'wife''s'),
(5018, 'wild'),
(5019, 'will'),
(5020, 'will''s'),
(5021, 'william'),
(5022, 'williams'),
(5023, 'willie'),
(5024, 'willing'),
(5025, 'willow'),
(5026, 'wilson'),
(5027, 'win'),
(5028, 'wind'),
(5029, 'window'),
(5030, 'windows'),
(5031, 'wine'),
(5032, 'wing'),
(5033, 'wings'),
(5034, 'winner'),
(5035, 'winnie'),
(5036, 'winning'),
(5037, 'wins'),
(5038, 'winslow'),
(5039, 'winter'),
(5040, 'wipe'),
(5041, 'wiped'),
(5042, 'wire'),
(5043, 'wisdom'),
(5044, 'wise'),
(5045, 'wish'),
(5046, 'wished'),
(5047, 'wishes'),
(5048, 'wishing'),
(5049, 'witch'),
(5050, 'witches'),
(5051, 'with'),
(5052, 'within'),
(5053, 'without'),
(5054, 'witness'),
(5055, 'witnesses'),
(5056, 'wives'),
(5057, 'woke'),
(5058, 'wolf'),
(5059, 'woman'),
(5060, 'woman''s'),
(5061, 'women'),
(5062, 'women''s'),
(5063, 'won'),
(5064, 'won''t'),
(5065, 'wonder'),
(5066, 'wondered'),
(5067, 'wonderful'),
(5068, 'wondering'),
(5069, 'woo'),
(5070, 'wood'),
(5071, 'woods'),
(5072, 'wool'),
(5073, 'word'),
(5074, 'words'),
(5075, 'wore'),
(5076, 'work'),
(5077, 'worked'),
(5078, 'worker'),
(5079, 'working'),
(5080, 'works'),
(5081, 'world'),
(5082, 'world''s'),
(5083, 'worm'),
(5084, 'worn'),
(5085, 'worried'),
(5086, 'worries'),
(5087, 'worry'),
(5088, 'worrying'),
(5089, 'worse'),
(5090, 'worst'),
(5091, 'worth'),
(5092, 'worthless'),
(5093, 'worthy'),
(5094, 'would'),
(5095, 'would''ve'),
(5096, 'wouldn''t'),
(5097, 'wound'),
(5098, 'wounded'),
(5099, 'wounds'),
(5100, 'wow'),
(5101, 'wrap'),
(5102, 'wrapped'),
(5103, 'wreck'),
(5104, 'wrestling'),
(5105, 'write'),
(5106, 'writer'),
(5107, 'writing'),
(5108, 'written'),
(5109, 'wrong'),
(5110, 'wrote'),
(5111, 'x'),
(5112, 'xander'),
(5113, 'y'),
(5114, 'y''all'),
(5115, 'y''know'),
(5116, 'ya'),
(5117, 'yacht'),
(5118, 'yah'),
(5119, 'yard'),
(5120, 'yards'),
(5121, 'yay'),
(5122, 'ye'),
(5123, 'yeah'),
(5124, 'year'),
(5125, 'year''s'),
(5126, 'years'),
(5127, 'yell'),
(5128, 'yelling'),
(5129, 'yellow'),
(5130, 'yep'),
(5131, 'yes'),
(5132, 'yesterday'),
(5133, 'yet'),
(5134, 'yo'),
(5135, 'york'),
(5136, 'you'),
(5137, 'you''d'),
(5138, 'you''ll'),
(5139, 'you''re'),
(5140, 'you''ve'),
(5141, 'young'),
(5142, 'younger'),
(5143, 'your'),
(5144, 'yours'),
(5145, 'yourself'),
(5146, 'yourselves'),
(5147, 'youth'),
(5148, 'yup'),
(5149, 'zach'),
(5150, 'zack'),
(5151, 'zander'),
(5152, 'zelda'),
(5153, 'zero'),
(5154, 'zombie'),
(5155, 'zone'),
(5156, 'zoo');

--
-- Indexen voor geëxporteerde tabellen
--

--
-- Indexen voor tabel `articles`
--
ALTER TABLE `articles`
  ADD PRIMARY KEY (`id`),
  ADD KEY `input_site` (`input_site`);

--
-- Indexen voor tabel `crawler_log`
--
ALTER TABLE `crawler_log`
  ADD PRIMARY KEY (`id`);

--
-- Indexen voor tabel `forbidden_links`
--
ALTER TABLE `forbidden_links`
  ADD PRIMARY KEY (`id`),
  ADD KEY `input_site` (`input_site`);

--
-- Indexen voor tabel `input_sites`
--
ALTER TABLE `input_sites`
  ADD PRIMARY KEY (`id`);

--
-- Indexen voor tabel `stop_words`
--
ALTER TABLE `stop_words`
  ADD PRIMARY KEY (`id`);

--
-- AUTO_INCREMENT voor geëxporteerde tabellen
--

--
-- AUTO_INCREMENT voor een tabel `articles`
--
ALTER TABLE `articles`
  MODIFY `id` int(11) NOT NULL AUTO_INCREMENT, AUTO_INCREMENT=1496;
--
-- AUTO_INCREMENT voor een tabel `crawler_log`
--
ALTER TABLE `crawler_log`
  MODIFY `id` int(11) NOT NULL AUTO_INCREMENT, AUTO_INCREMENT=4;
--
-- AUTO_INCREMENT voor een tabel `forbidden_links`
--
ALTER TABLE `forbidden_links`
  MODIFY `id` int(11) NOT NULL AUTO_INCREMENT, AUTO_INCREMENT=92;
--
-- AUTO_INCREMENT voor een tabel `input_sites`
--
ALTER TABLE `input_sites`
  MODIFY `id` int(11) NOT NULL AUTO_INCREMENT, AUTO_INCREMENT=20;
--
-- AUTO_INCREMENT voor een tabel `stop_words`
--
ALTER TABLE `stop_words`
  MODIFY `id` int(11) NOT NULL AUTO_INCREMENT, AUTO_INCREMENT=5157;
--
-- Beperkingen voor geëxporteerde tabellen
--

--
-- Beperkingen voor tabel `articles`
--
ALTER TABLE `articles`
  ADD CONSTRAINT `articles_ibfk_1` FOREIGN KEY (`input_site`) REFERENCES `input_sites` (`id`) ON DELETE CASCADE ON UPDATE NO ACTION;

--
-- Beperkingen voor tabel `forbidden_links`
--
ALTER TABLE `forbidden_links`
  ADD CONSTRAINT `forbidden_links_ibfk_1` FOREIGN KEY (`input_site`) REFERENCES `input_sites` (`id`) ON DELETE CASCADE ON UPDATE NO ACTION;

/*!40101 SET CHARACTER_SET_CLIENT=@OLD_CHARACTER_SET_CLIENT */;
/*!40101 SET CHARACTER_SET_RESULTS=@OLD_CHARACTER_SET_RESULTS */;
/*!40101 SET COLLATION_CONNECTION=@OLD_COLLATION_CONNECTION */;
